date,value
2009-06-16,10000
2009-06-17,10081.44
2009-06-18,10100.84
2009-06-19,10218.94
2009-06-22,9659.46
2009-06-23,9664.86
2009-06-24,9630.36
2009-06-25,10289.04
2009-06-26,10098.57
2009-06-29,10292.18
2009-06-30,10101.94
2009-07-01,10107.67
2009-07-02,9617.32
2009-07-06,9782.69
2009-07-07,9218.8
2009-07-08,9327.21
2009-07-09,9331.54
2009-07-10,9199.4
2009-07-13,9579.22
2009-07-14,9843.02
2009-07-15,10178.03
2009-07-16,10269.05
2009-07-17,10417.64
2009-07-20,10517.79
2009-07-21,10668.91
2009-07-22,10743.24
2009-07-23,11042.5
2009-07-24,11161.94
2009-07-27,11286.81
2009-07-28,11230.57
2009-07-29,11262.18
2009-07-30,11762.31
2009-07-31,11583.35
2009-08-03,11567.12
2009-08-04,11742.99
2009-08-05,11582.95
2009-08-06,11628.26
2009-08-07,12104.39
2009-08-10,12017.42
2009-08-11,11700.81
2009-08-12,11944.09
2009-08-13,11982.55
2009-08-14,11712.94
2009-08-17,11513.11
2009-08-18,11564.77
2009-08-19,11497.39
2009-08-20,11918.43
2009-08-21,12288.43
2009-08-24,12493.01
2009-08-25,12456.59
2009-08-26,12446.61
2009-08-27,12227.8
2009-08-28,12321.86
2009-08-31,12071.37
2009-09-01,11837.56
2009-09-02,11760.49
2009-09-03,11710.6
2009-09-04,11983.29
2009-09-08,12103.58
2009-09-09,12339.13
2009-09-10,12431.6
2009-09-11,12565.08
2009-09-14,12455.54
2009-09-15,12713.46
2009-09-16,12879.4
2009-09-17,13010.97
2009-09-18,12935.83
2009-09-21,12981.99
2009-09-22,12986.64
2009-09-23,12973.27
2009-09-24,12598.05
2009-09-25,12526.24
2009-09-28,12858.02
2009-09-29,12996.34
2009-09-30,12672.06
2009-10-01,12402.11
2009-10-02,12068.35
2009-10-05,12212.53
2009-10-06,12687.82
2009-10-07,12712.69
2009-10-08,13022.79
2009-10-09,12973.27
2009-10-12,13217.49
2009-10-13,13112.6
2009-10-14,13320.58
2009-10-15,13258.18
2009-10-16,13229.59
2009-10-19,13592.39
2009-10-20,13382.19
2009-10-21,13487.7
2009-10-22,13084.67
2009-10-23,13083.62
2009-10-26,12896.05
2009-10-27,12923.89
2009-10-28,12505.72
2009-10-29,12657.15
2009-10-30,12333.11
2009-11-02,12342.9
2009-11-03,12317.72
2009-11-04,12671.44
2009-11-05,12727.86
2009-11-06,12786.26
2009-11-09,13152.72
2009-11-10,13389.82
2009-11-11,13491.11
2009-11-12,13464.34
2009-11-13,13476.55
2009-11-16,13836.56
2009-11-17,13824.13
2009-11-18,13720.62
2009-11-19,13402.98
2009-11-20,13362.17
2009-11-23,13759.88
2009-11-24,13653.37
2009-11-25,13706.71
2009-11-27,13438.76
2009-11-30,13216.31
2009-12-01,13602.12
2009-12-02,13649.96
2009-12-03,13652.18
2009-12-04,13667.57
2009-12-07,13808.81
2009-12-08,13600.87
2009-12-09,13521.36
2009-12-10,13838.62
2009-12-11,13956.67
2009-12-14,14227.43
2009-12-15,14238.78
2009-12-16,14244.85
2009-12-17,14138.19
2009-12-18,14102.26
2009-12-21,14593.02
2009-12-22,14632.94
2009-12-23,14660.39
2009-12-24,14677.49
2009-12-28,14851.6
2009-12-29,14923.7
2009-12-30,14802.6
2009-12-31,14748.46
2010-01-04,14891.79
2010-01-05,14970.68
2010-01-06,15066.15
2010-01-07,15136.92
2010-01-08,15256.09
2010-01-11,15062.76
2010-01-12,14972.44
2010-01-13,15067.06
2010-01-14,15265.9
2010-01-15,15088.77
2010-01-19,15453.04
2010-01-20,15244.29
2010-01-21,15062.24
2010-01-22,14752.85
2010-01-25,14184.74
2010-01-26,14446.24
2010-01-27,14152.53
2010-01-28,14081.7
2010-01-29,14290.81
2010-02-01,14210.78
2010-02-02,14517.21
2010-02-03,14499.37
2010-02-04,13960.89
2010-02-05,13842.09
2010-02-08,13885.8
2010-02-09,14004.04
2010-02-10,13909.74
2010-02-11,14208.52
2010-02-12,14059.01
2010-02-16,14556.38
2010-02-17,14800.05
2010-02-18,14899.44
2010-02-19,15391.83
2010-02-22,15144.11
2010-02-23,14892.37
2010-02-24,14963.04
2010-02-25,14717.13
2010-02-26,14945.74
2010-03-01,15539.66
2010-03-02,15639.32
2010-03-03,15450.03
2010-03-04,15538.95
2010-03-05,15845.75
2010-03-08,15916.94
2010-03-09,16140.7
2010-03-10,16222.09
2010-03-11,16109.75
2010-03-12,16165.46
2010-03-15,16125.52
2010-03-16,16358.08
2010-03-17,16539.04
2010-03-18,16622.38
2010-03-19,16603.8
2010-03-22,16801.29
2010-03-23,16893.51
2010-03-24,17171.61
2010-03-25,17403.66
2010-03-26,17032.56
2010-03-29,17187.22
2010-03-30,17110.64
2010-03-31,17024
2010-04-01,17260.67
2010-04-05,17133.76
2010-04-06,17718.51
2010-04-07,17602.52
2010-04-08,17562.57
2010-04-09,17691.98
2010-04-12,17693.48
2010-04-13,17599.28
2010-04-14,17857.76
2010-04-15,18205.06
2010-04-16,17684.92
2010-04-19,17675.49
2010-04-20,18069.2
2010-04-21,18182.82
2010-04-22,18009.3
2010-04-23,18349.75
2010-04-26,18768.24
2010-04-27,17867.68
2010-04-28,17975.92
2010-04-29,18374.35
2010-04-30,18249.01
2010-05-03,18156.48
2010-05-04,17705.15
2010-05-05,17692.49
2010-05-06,17393.4
2010-05-07,17531.44
2010-05-10,17367.99
2010-05-11,17628.27
2010-05-12,17839.66
2010-05-13,18047.68
2010-05-14,17325
2010-05-17,17344.48
2010-05-18,17230.12
2010-05-19,16641.35
2010-05-20,16103.18
2010-05-21,15689.67
2010-05-24,15812.1
2010-05-25,15130.05
2010-05-26,15949.36
2010-05-27,16238.95
2010-05-28,16131.59
2010-06-01,15954.25
2010-06-02,15942.33
2010-06-03,16536.84
2010-06-04,16189.75
2010-06-07,15700.42
2010-06-08,15428.9
2010-06-09,15890.35
2010-06-10,15971.26
2010-06-11,16159.99
2010-06-14,16383.58
2010-06-15,16339.76
2010-06-16,16671.75
2010-06-17,16638.54
2010-06-18,16864.19
2010-06-21,16905.66
2010-06-22,16757.59
2010-06-23,16243.19
2010-06-24,15583.72
2010-06-25,15603.54
2010-06-28,15671.7
2010-06-29,14925.52
2010-06-30,14663.06
2010-07-01,13781.17
2010-07-02,13657.51
2010-07-06,14081.13
2010-07-07,14273.27
2010-07-08,14814.87
2010-07-09,14982.46
2010-07-12,15223.62
2010-07-13,15611.89
2010-07-14,15543.2
2010-07-15,15087.11
2010-07-16,14760.08
2010-07-19,14406.05
2010-07-20,14589.7
2010-07-21,15032.01
2010-07-22,15323.43
2010-07-23,15466.8
2010-07-26,15756.81
2010-07-27,15755.22
2010-07-28,15616.86
2010-07-29,15250.16
2010-07-30,15226.06
2010-08-02,15819.58
2010-08-03,15722.17
2010-08-04,15914.01
2010-08-05,15881.08
2010-08-06,15325.2
2010-08-09,15786.65
2010-08-10,15858.74
2010-08-11,15307.68
2010-08-12,15049.88
2010-08-13,15155.51
2010-08-16,14945.59
2010-08-17,15435.97
2010-08-18,15350.44
2010-08-19,14810.25
2010-08-20,14870.93
2010-08-23,15012.07
2010-08-24,14495.3
2010-08-25,14416.02
2010-08-26,14519.5
2010-08-27,14486.26
2010-08-30,14661.97
2010-08-31,14422
2010-09-01,15014.15
2010-09-02,15129.61
2010-09-03,15538.15
2010-09-07,15585.3
2010-09-08,15679.69
2010-09-09,15969.3
2010-09-10,15910.14
2010-09-13,16216.28
2010-09-14,16134.91
2010-09-15,15957.99
2010-09-16,15932.18
2010-09-17,16022.86
2010-09-20,16410.56
2010-09-21,16586.85
2010-09-22,15876.21
2010-09-23,15961.01
2010-09-24,16128.95
2010-09-27,16112.46
2010-09-28,16019.68
2010-09-29,15897.25
2010-09-30,15878.97
2010-10-01,15758.55
2010-10-04,15646.75
2010-10-05,15931.19
2010-10-06,16032.08
2010-10-07,15929.25
2010-10-08,16094.16
2010-10-11,16231.67
2010-10-12,16295.45
2010-10-13,16564.13
2010-10-14,16307.78
2010-10-15,16278.34
2010-10-18,16415.98
2010-10-19,16416.42
2010-10-20,16522.6
2010-10-21,16529.97
2010-10-22,16587.44
2010-10-25,16806.93
2010-10-26,16833.84
2010-10-27,16614.98
2010-10-28,16634.98
2010-10-29,16659.23
2010-11-01,16924.54
2010-11-02,16788.85
2010-11-03,16893.27
2010-11-04,17228.63
2010-11-05,17586.85
2010-11-08,17775.78
2010-11-09,17807.53
2010-11-10,17861.22
2010-11-11,17819.51
2010-11-12,17504.71
2010-11-15,17696.56
2010-11-16,17078.17
2010-11-17,17129.05
2010-11-18,17554.9
2010-11-19,17504.71
2010-11-22,17403.99
2010-11-23,17260.97
2010-11-24,17701.38
2010-11-26,17807.8
2010-11-29,17642.49
2010-11-30,17737.58
2010-12-01,18421.19
2010-12-02,18630.91
2010-12-03,18478.34
2010-12-06,18753.48
2010-12-07,18843.06
2010-12-08,18943.76
2010-12-09,19056.05
2010-12-10,19142.18
2010-12-13,19251.26
2010-12-14,19283.99
2010-12-15,19069.17
2010-12-16,19405.42
2010-12-17,19603.48
2010-12-20,19573.13
2010-12-21,19850.38
2010-12-22,20075.96
2010-12-23,20051.51
2010-12-27,19954.23
2010-12-28,20059.05
2010-12-29,20204.57
2010-12-30,19844.11
2010-12-31,19993.32
2011-01-03,20262.18
2011-01-04,20027.43
2011-01-05,20573.75
2011-01-06,20699.78
2011-01-07,20570.71
2011-01-10,20648.52
2011-01-11,20971.28
2011-01-12,21137.85
2011-01-13,20621.29
2011-01-14,20783.54
2011-01-18,20729.77
2011-01-19,20432.23
2011-01-20,20198.11
2011-01-21,20267.05
2011-01-24,20064.65
2011-01-25,20209.79
2011-01-26,20405.08
2011-01-27,20294.17
2011-01-28,20098.58
2011-01-31,19954.75
2011-02-01,20460.84
2011-02-02,20536.2
2011-02-03,20552.74
2011-02-04,20910.08
2011-02-07,21476.48
2011-02-08,21051.74
2011-02-09,21164.23
2011-02-10,21228.04
2011-02-11,21490.51
2011-02-14,21864.31
2011-02-15,21733.82
2011-02-16,21965.28
2011-02-17,21897.18
2011-02-18,22047.91
2011-02-22,21335.77
2011-02-23,20610.64
2011-02-24,20574.72
2011-02-25,21005.71
2011-02-28,21154.99
2011-03-01,20915.18
2011-03-02,20574.43
2011-03-03,21067.58
2011-03-04,20883.66
2011-03-07,20452.04
2011-03-08,20865.45
2011-03-09,20657.61
2011-03-10,20360.44
2011-03-11,20258.18
2011-03-14,19734.65
2011-03-15,19440.07
2011-03-16,19068.39
2011-03-17,19206.31
2011-03-18,19351.85
2011-03-21,19696.97
2011-03-22,19602.08
2011-03-23,19589.5
2011-03-24,19964.54
2011-03-25,20489.89
2011-03-28,20366.15
2011-03-29,20406.25
2011-03-30,20770.34
2011-03-31,20613.65
2011-04-01,20952.33
2011-04-04,20782.12
2011-04-05,20818.54
2011-04-06,20560.97
2011-04-07,20531.78
2011-04-08,20573.54
2011-04-11,20318.59
2011-04-12,19852.53
2011-04-13,19770.14
2011-04-14,19768.29
2011-04-15,19991.98
2011-04-18,19696.23
2011-04-19,19766.82
2011-04-20,20290.2
2011-04-21,20386.06
2011-04-25,20386.06
2011-04-26,20628.05
2011-04-27,20755.7
2011-04-28,20685.2
2011-04-29,20742.01
2011-05-02,20760.09
2011-05-03,20510.39
2011-05-04,20086.91
2011-05-05,20284.38
2011-05-06,20832.13
2011-05-09,21172.81
2011-05-10,21236.63
2011-05-11,21101.72
2011-05-12,20940.68
2011-05-13,21027.9
2011-05-16,20594.82
2011-05-17,20548.49
2011-05-18,20681.54
2011-05-19,20947.69
2011-05-20,20954.06
2011-05-23,20539.98
2011-05-24,20480.79
2011-05-25,20547.21
2011-05-26,20521.13
2011-05-27,20801.23
2011-05-31,20811.03
2011-06-01,20220.91
2011-06-02,19909.96
2011-06-03,19458.08
2011-06-06,19111.64
2011-06-07,18968.89
2011-06-08,18801.64
2011-06-09,19004.27
2011-06-10,18673.03
2011-06-13,18799.59
2011-06-14,18931.75
2011-06-15,18915.07
2011-06-16,19055.3
2011-06-17,18850.17
2011-06-20,18886.85
2011-06-21,19352.32
2011-06-22,19340.51
2011-06-23,19086.45
2011-06-24,19031.51
2011-06-27,18983.4
2011-06-28,19349.81
2011-06-29,19755.81
2011-06-30,19911.73
2011-07-01,20281.85
2011-07-05,20445.97
2011-07-06,20672.49
2011-07-07,21222.31
2011-07-08,20939.45
2011-07-11,20707.79
2011-07-12,20737.1
2011-07-13,20817.8
2011-07-14,20284.96
2011-07-15,20349.55
2011-07-18,20099.48
2011-07-19,20410.5
2011-07-20,20627.03
2011-07-21,20807.76
2011-07-22,20900.72
2011-07-25,20851.22
2011-07-26,20459.7
2011-07-27,20153.78
2011-07-28,20086.18
2011-07-29,19561.61
2011-08-01,19208.16
2011-08-02,18935.63
2011-08-03,18096.7
2011-08-04,17541.99
2011-08-05,16654.61
2011-08-08,15606.6
2011-08-09,15387.74
2011-08-10,14884.16
2011-08-11,15236.71
2011-08-12,16016.38
2011-08-15,16008.31
2011-08-16,16303.77
2011-08-17,16303.01
2011-08-18,14998.95
2011-08-19,14751.1
2011-08-22,14497.35
2011-08-23,14723.46
2011-08-24,15385.98
2011-08-25,15527.43
2011-08-26,15546.72
2011-08-29,16116.95
2011-08-30,16508.28
2011-08-31,16878.35
2011-09-01,17128.65
2011-09-02,16102.1
2011-09-06,15468.37
2011-09-07,16486.62
2011-09-08,16758.66
2011-09-09,16232.37
2011-09-12,15912.79
2011-09-13,16138.43
2011-09-14,16613.3
2011-09-15,17095.03
2011-09-16,17187.06
2011-09-19,17154.3
2011-09-20,17656.26
2011-09-21,16926.1
2011-09-22,15613.83
2011-09-23,15555.65
2011-09-26,15766.22
2011-09-27,16917.56
2011-09-28,16274.98
2011-09-29,16056.22
2011-09-30,15972.07
2011-10-03,15577.76
2011-10-04,14587.28
2011-10-05,15593.68
2011-10-06,16120.06
2011-10-07,16125.44
2011-10-10,16639.94
2011-10-11,16975.93
2011-10-12,17307.44
2011-10-13,16937.62
2011-10-14,17314.03
2011-10-17,17263.3
2011-10-18,17354.87
2011-10-19,17726.39
2011-10-20,17314.67
2011-10-21,17854.11
2011-10-24,18246.99
2011-10-25,17909.16
2011-10-26,17766.8
2011-10-27,18497.11
2011-10-28,18922.5
2011-10-31,18551.83
2011-11-01,17646.7
2011-11-02,17906.28
2011-11-03,18452.8
2011-11-04,18359.62
2011-11-07,18392.6
2011-11-08,18602.08
2011-11-09,18440.29
2011-11-10,18225.7
2011-11-11,18838.03
2011-11-14,18744.64
2011-11-15,18584.67
2011-11-16,18859.54
2011-11-17,18200.04
2011-11-18,17742.39
2011-11-21,16847.34
2011-11-22,16781.39
2011-11-23,16408.17
2011-11-25,16640.16
2011-11-28,17300.86
2011-11-29,17459.35
2011-11-30,18313.75
2011-12-01,18583.97
2011-12-02,18993.38
2011-12-05,19103.97
2011-12-06,19038.51
2011-12-07,18982.39
2011-12-08,18798.27
2011-12-09,18973.04
2011-12-12,18561.81
2011-12-13,18884.58
2011-12-14,18255.62
2011-12-15,18386.27
2011-12-16,18508.07
2011-12-19,18233.62
2011-12-20,18866.88
2011-12-21,18783.2
2011-12-22,19225.48
2011-12-23,19637.61
2011-12-27,19834.38
2011-12-28,19502.3
2011-12-29,19895.49
2011-12-30,19821.33
2012-01-03,20370.81
2012-01-04,20158.83
2012-01-05,20462.61
2012-01-06,20760.53
2012-01-09,20778.17
2012-01-10,21222.59
2012-01-11,21207.46
2012-01-12,20941.2
2012-01-13,21133.67
2012-01-17,21369.88
2012-01-18,21434.08
2012-01-19,21828.63
2012-01-20,21404.14
2012-01-23,21428.76
2012-01-24,21461.2
2012-01-25,21721.59
2012-01-26,21484.57
2012-01-27,21161.62
2012-01-30,21106.77
2012-01-31,21240.7
2012-02-01,21574.19
2012-02-02,21537.83
2012-02-03,22430.92
2012-02-06,22250.93
2012-02-07,22280.63
2012-02-08,22211.01
2012-02-09,22219.36
2012-02-10,22146.73
2012-02-13,22318.76
2012-02-14,22362.93
2012-02-15,22799.48
2012-02-16,22724.05
2012-02-17,22724.97
2012-02-21,22728.01
2012-02-22,22543.77
2012-02-23,22759.8
2012-02-24,22425.47
2012-02-27,22661.6
2012-02-28,22782.9
2012-02-29,22606.89
2012-03-01,22886.27
2012-03-02,23260.71
2012-03-05,22684.26
2012-03-06,22376.64
2012-03-07,22492.52
2012-03-08,22840.56
2012-03-09,23313.05
2012-03-12,23260.71
2012-03-13,23770.17
2012-03-14,24042.35
2012-03-15,24455.85
2012-03-16,24412.23
2012-03-19,24181.92
2012-03-20,24181.92
2012-03-21,24181.92
2012-03-22,23951.62
2012-03-23,23901.02
2012-03-26,24314.52
2012-03-27,24365.12
2012-03-28,24133.07
2012-03-29,23901.02
2012-03-30,24133.07
2012-04-02,24365.12
2012-04-03,24181.92
2012-04-04,23998.73
2012-04-05,24455.85
2012-04-09,24455.85
2012-04-10,23313.05
2012-04-11,23313.05
2012-04-12,23491.01
2012-04-13,23541.61
2012-04-16,23313.05
2012-04-17,23770.17
2012-04-18,23770.17
2012-04-19,23541.61
2012-04-20,23491.01
2012-04-23,23030.4
2012-04-24,23260.71
2012-04-25,23491.01
2012-04-26,23721.32
2012-04-27,23951.62
2012-04-30,23721.32
2012-05-01,23721.32
2012-05-02,24181.92
2012-05-03,24181.92
2012-05-04,23313.05
2012-05-07,23313.05
2012-05-08,22681.46
2012-05-09,22957.12
2012-05-10,22957.12
2012-05-11,23182.19
2012-05-14,22779.16
2012-05-15,22601.2
2012-05-16,22601.2
2012-05-17,22129.9
2012-05-18,21793.63
2012-05-21,21727.97
2012-05-22,22379.62
2012-05-23,21840.67
2012-05-24,22245.28
2012-05-25,22463.37
2012-05-29,22899.55
2012-05-30,22716.35
2012-05-31,22500.01
2012-06-01,21595.03
2012-06-04,20967.92
2012-06-05,21410.64
2012-06-06,22203.4
2012-06-07,22423.24
2012-06-08,22463.37
2012-06-11,22681.46
2012-06-12,22463.37
2012-06-13,22423.24
2012-06-14,22423.24
2012-06-15,22643.07
2012-06-18,23082.75
2012-06-19,23487.52
2012-06-20,23265.94
2012-06-21,22899.55
2012-06-22,22862.91
2012-06-25,22245.28
2012-06-26,22463.37
2012-06-27,22899.55
2012-06-28,22500.01
2012-06-29,23487.52
2012-07-02,23742.25
2012-07-03,23962.09
2012-07-05,24447.12
2012-07-06,23820.76
2012-07-09,23820.76
2012-07-10,23839.96
2012-07-11,23627.1
2012-07-12,23414.24
2012-07-13,24052.81
2012-07-16,24249.97
2012-07-17,24249.97
2012-07-18,24893.77
2012-07-19,24893.77
2012-07-20,24691.38
2012-07-23,24066.77
2012-07-24,24066.77
2012-07-25,23839.96
2012-07-26,24035.37
2012-07-27,24464.57
2012-07-30,25322.98
2012-07-31,25108.37
2012-08-01,24904.24
2012-08-02,24691.38
2012-08-03,25312.51
2012-08-06,25312.51
2012-08-07,25528.85
2012-08-08,25745.2
2012-08-09,25966.78
2012-08-10,25752.18
2012-08-13,25537.58
2012-08-14,25966.78
2012-08-15,25966.78
2012-08-16,26177.89
2012-08-17,26181.38
2012-08-20,25966.78
2012-08-21,26170.91
2012-08-22,25734.73
2012-08-23,25500.94
2012-08-24,25516.64
2012-08-27,25734.73
2012-08-28,25500.94
2012-08-29,25516.64
2012-08-30,25298.55
2012-08-31,25500.94
2012-09-04,25281.1
2012-09-05,25281.1
2012-09-06,26160.44
2012-09-07,26129.04
2012-09-10,26129.04
2012-09-11,26108.1
2012-09-12,25883.03
2012-09-13,26083.68
2012-09-14,26512.88
2012-09-17,26284.32
2012-09-18,26310.49
2012-09-19,26310.49
2012-09-20,26537.31
2012-09-21,26764.12
2012-09-24,26558.24
2012-09-25,26558.24
2012-09-26,25883.03
2012-09-27,26108.1
2012-09-28,26108.1
2012-10-01,26333.17
2012-10-02,25883.03
2012-10-03,26333.17
2012-10-04,26537.31
2012-10-05,26537.31
2012-10-08,26310.49
2012-10-09,26108.1
2012-10-10,25883.03
2012-10-11,25883.03
2012-10-12,25630.05
2012-10-15,25657.96
2012-10-16,26284.32
2012-10-17,26284.32
2012-10-18,26284.32
2012-10-19,25856.86
2012-10-22,25370.08
2012-10-23,24949.6
2012-10-24,24949.6
2012-10-25,24757.68
2012-10-26,24757.68
2012-10-31,24722.79
2012-11-01,25432.89
2012-11-02,25459.06
2012-11-05,25235.74
2012-11-06,25682.39
2012-11-07,24565.76
2012-11-08,24373.84
2012-11-09,24373.84
2012-11-12,24152.26
2012-11-13,24373.84
2012-11-14,23709.1
2012-11-15,23225.81
2012-11-16,23044.36
2012-11-19,24119.11
2012-11-20,24342.44
2012-11-21,24342.44
2012-11-23,24722.79
2012-11-26,24495.97
2012-11-27,24532.61
2012-11-28,24532.61
2012-11-29,25176.42
2012-11-30,24949.6
2012-12-03,24912.96
2012-12-04,24684.4
2012-12-05,24684.4
2012-12-06,24949.6
2012-12-07,24982.75
2012-12-10,25432.89
2012-12-11,25630.05
2012-12-12,25598.64
2012-12-13,25141.52
2012-12-14,24872.84
2012-12-17,25103.14
2012-12-18,25563.75
2012-12-19,25563.75
2012-12-20,25333.44
2012-12-21,25563.75
2012-12-24,25563.75
2012-12-26,25563.75
2012-12-27,24412.23
2012-12-28,24412.23
2012-12-31,24412.23
2013-01-02,25794.05
2013-01-03,26310.49
2013-01-04,26741.44
2013-01-07,26512.88
2013-01-08,26284.32
2013-01-09,26741.44
2013-01-10,26685.61
2013-01-11,26221.51
2013-01-14,26418.66
2013-01-15,26221.51
2013-01-16,26685.61
2013-01-17,26886.25
2013-01-18,26685.61
2013-01-22,26917.66
2013-01-23,27381.75
2013-01-24,27587.63
2013-01-25,27322.43
2013-01-28,27322.43
2013-01-29,27557.97
2013-01-30,27287.54
2013-01-31,27050.26
2013-02-01,27050.26
2013-02-04,27086.89
2013-02-05,27287.54
2013-02-06,27322.43
2013-02-07,27353.84
2013-02-08,28055.22
2013-02-11,28055.22
2013-02-12,28029.05
2013-02-13,28029.05
2013-02-14,28522.81
2013-02-15,28289.01
2013-02-19,28522.81
2013-02-20,28309.95
2013-02-21,27866.79
2013-02-22,28327.4
2013-02-25,28112.79
2013-02-26,27655.68
2013-02-27,28341.35
2013-02-28,28798.47
2013-03-01,28805.45
2013-03-04,28805.45
2013-03-05,29712.71
2013-03-06,29712.71
2013-03-07,29712.71
2013-03-08,30166.34
2013-03-11,30166.34
2013-03-12,30166.34
2013-03-13,30619.97
2013-03-14,30619.97
2013-03-15,30626.95
2013-03-18,30619.97
2013-03-19,30159.36
2013-03-20,30384.43
2013-03-21,30384.43
2013-03-22,30393.15
2013-03-25,30609.5
2013-03-26,31059.64
2013-03-27,31265.52
2013-03-28,31042.19
2013-04-01,31042.19
2013-04-02,31265.52
2013-04-03,30818.87
2013-04-04,30834.57
2013-04-05,29939.52
2013-04-08,30166.34
2013-04-09,30398.39
2013-04-10,31312.62
2013-04-11,31541.18
2013-04-12,31312.62
2013-04-15,30846.78
2013-04-16,30630.44
2013-04-17,29939.52
2013-04-18,29712.71
2013-04-19,30169.83
2013-04-22,30398.39
2013-04-23,31300.41
2013-04-24,31300.41
2013-04-25,31527.23
2013-04-26,31300.41
2013-04-29,31541.18
2013-04-30,31551.65
2013-05-01,31551.65
2013-05-02,31998.3
2013-05-03,32455.42
2013-05-06,32683.98
2013-05-07,32912.54
2013-05-08,32933.48
2013-05-09,32888.11
2013-05-10,33568.56
2013-05-13,33568.56
2013-05-14,33985.55
2013-05-15,34885.83
2013-05-16,34885.83
2013-05-17,35062.04
2013-05-20,35561.04
2013-05-21,35110.9
2013-05-22,35786.11
2013-05-23,34210.62
2013-05-24,33985.55
2013-05-28,35335.97
2013-05-29,33760.48
2013-05-30,34249
2013-05-31,34475.82
2013-06-03,32683.98
2013-06-04,33598.22
2013-06-05,32455.42
2013-06-06,32012.26
2013-06-07,33163.78
2013-06-10,33415.02
2013-06-11,32950.92
2013-06-12,32254.78
2013-06-13,32029.71
2013-06-14,32486.83
2013-06-17,33198.68
2013-06-18,32964.88
2013-06-19,32950.92
2013-06-20,31781.96
2013-06-21,30855.51
2013-06-24,30398.39
2013-06-25,31312.62
2013-06-26,31980.86
2013-06-27,32661.3
2013-06-28,32661.3
2013-07-01,32912.54
2013-07-02,32888.11
2013-07-03,32661.3
2013-07-05,33052.12
2013-07-08,33985.55
2013-07-09,34838.72
2013-07-10,34929.44
2013-07-11,34969.57
2013-07-12,35198.13
2013-07-15,35426.69
2013-07-16,35006.21
2013-07-17,35198.13
2013-07-18,35655.25
2013-07-19,35198.13
2013-07-22,35466.82
2013-07-23,35236.52
2013-07-24,35236.52
2013-07-25,35039.36
2013-07-26,34807.31
2013-07-29,34775.91
2013-07-30,35271.41
2013-07-31,35503.46
2013-08-01,35927.43
2013-08-02,35735.51
2013-08-05,36199.61
2013-08-06,35271.41
2013-08-07,34807.31
2013-08-08,35069.02
2013-08-09,34807.31
2013-08-12,35271.41
2013-08-13,35503.46
2013-08-14,35271.41
2013-08-15,34343.22
2013-08-16,33879.12
2013-08-19,33415.02
2013-08-20,33432.47
2013-08-21,33432.47
2013-08-22,33666.26
2013-08-23,33666.26
2013-08-26,34133.85
2013-08-27,32964.88
2013-08-28,32950.92
2013-08-29,33394.08
2013-08-30,33163.78
2013-09-03,33624.39
2013-09-04,33854.69
2013-09-05,34283.9
2013-09-06,34545.6
2013-09-09,34343.22
2013-09-10,35039.36
2013-09-11,35039.36
2013-09-12,35039.36
2013-09-13,35271.41
2013-09-16,35735.51
2013-09-17,35770.4
2013-09-18,36037.35
2013-09-19,36037.35
2013-09-20,35801.81
2013-09-23,35330.73
2013-09-24,35566.27
2013-09-25,35095.19
2013-09-26,35095.19
2013-09-27,34624.12
2013-09-30,34388.58
2013-10-01,34859.66
2013-10-02,34643.31
2013-10-03,33931.46
2013-10-04,34406.03
2013-10-07,34406.03
2013-10-08,33694.18
2013-10-09,33210.89
2013-10-10,34388.58
2013-10-11,34859.66
2013-10-14,34880.59
2013-10-15,35801.81
2013-10-16,36037.35
2013-10-17,36093.18
2013-10-18,36571.23
2013-10-21,36810.26
2013-10-22,36597.4
2013-10-23,36597.4
2013-10-24,36597.4
2013-10-25,36838.18
2013-10-28,37078.95
2013-10-29,37288.32
2013-10-30,37049.29
2013-10-31,37727.99
2013-11-01,37686.11
2013-11-04,37686.11
2013-11-05,37921.65
2013-11-06,37921.65
2013-11-07,38108.34
2013-11-08,38108.34
2013-11-11,38342.13
2013-11-12,38108.34
2013-11-13,38392.73
2013-11-14,39099.34
2013-11-15,39334.88
2013-11-18,39334.88
2013-11-19,38863.81
2013-11-20,39043.51
2013-11-21,39099.34
2013-11-22,39388.97
2013-11-25,39570.42
2013-11-26,39626.25
2013-11-27,39626.25
2013-11-29,39626.25
2013-12-02,39334.88
2013-12-03,38914.4
2013-12-04,39151.69
2013-12-05,38483.45
2013-12-06,38961.51
2013-12-09,39200.54
2013-12-10,39005.13
2013-12-11,38282.81
2013-12-12,38042.04
2013-12-13,37766.37
2013-12-16,38282.81
2013-12-17,38042.04
2013-12-18,37766.37
2013-12-19,39439.57
2013-12-20,39917.62
2013-12-23,40156.65
2013-12-24,40634.7
2013-12-26,40634.7
2013-12-27,40395.68
2013-12-30,40449.76
2013-12-31,40931.31
2014-01-02,40873.73
2014-01-03,40575.38
2014-01-06,40100.82
2014-01-07,40812.67
2014-01-08,41049.95
2014-01-09,40812.67
2014-01-10,40634.7
2014-01-13,41112.76
2014-01-14,40634.7
2014-01-15,41524.51
2014-01-16,41049.95
2014-01-17,41219.19
2014-01-21,41049.95
2014-01-22,41219.19
2014-01-23,40395.68
2014-01-24,39200.54
2014-01-27,38483.45
2014-01-28,38722.48
2014-01-29,38722.48
2014-01-30,39151.69
2014-01-31,39099.34
2014-02-03,38392.73
2014-02-04,37450.58
2014-02-05,37215.04
2014-02-06,37965.27
2014-02-07,38677.12
2014-02-10,38677.12
2014-02-11,39388.97
2014-02-12,40100.82
2014-02-13,40395.68
2014-02-14,40634.7
2014-02-18,40931.31
2014-02-19,40634.7
2014-02-20,40634.7
2014-02-21,40873.73
2014-02-24,41351.79
2014-02-25,41112.76
2014-02-26,41590.81
2014-02-27,41351.79
2014-02-28,41653.62
2014-03-03,40634.7
2014-03-04,42068.87
2014-03-05,42307.9
2014-03-06,42440.5
2014-03-07,41955.46
2014-03-10,41955.46
2014-03-11,41955.46
2014-03-12,41227.91
2014-03-13,40985.39
2014-03-14,40500.36
2014-03-17,40985.39
2014-03-18,41470.43
2014-03-19,41412.85
2014-03-20,41894.4
2014-03-21,42375.94
2014-03-24,41172.08
2014-03-25,41412.85
2014-03-26,41894.4
2014-03-27,40873.73
2014-03-28,41894.4
2014-03-31,41894.4
2014-04-01,42375.94
2014-04-02,42857.49
2014-04-03,42785.95
2014-04-04,42785.95
2014-04-07,41112.76
2014-04-08,40931.31
2014-04-09,41470.43
2014-04-10,40985.39
2014-04-11,39772.81
2014-04-14,39968.22
2014-04-15,39968.22
2014-04-16,40931.31
2014-04-17,41412.85
2014-04-21,41412.85
2014-04-22,42375.94
2014-04-23,42135.17
2014-04-24,42135.17
2014-04-25,41412.85
2014-04-28,41470.43
2014-04-29,41894.4
2014-04-30,41955.46
2014-05-01,42197.98
2014-05-02,42197.98
2014-05-05,42197.98
2014-05-06,41712.95
2014-05-07,41470.43
2014-05-08,42135.17
2014-05-09,41894.4
2014-05-12,43098.26
2014-05-13,43264.01
2014-05-14,43024.98
2014-05-15,41829.84
2014-05-16,42307.9
2014-05-19,42785.95
2014-05-20,42546.93
2014-05-21,43024.98
2014-05-22,43503.04
2014-05-23,43660.06
2014-05-27,44134.63
2014-05-28,44371.91
2014-05-29,44371.91
2014-05-30,44609.19
2014-06-02,44846.48
2014-06-03,44609.19
2014-06-04,45083.76
2014-06-05,45654.29
2014-06-06,45795.61
2014-06-09,46507.46
2014-06-10,46165.49
2014-06-11,46165.49
2014-06-12,46032.89
2014-06-13,45694.41
2014-06-16,45558.33
2014-06-17,45694.41
2014-06-18,46032.89
2014-06-19,46270.17
2014-06-20,46982.02
2014-06-23,46744.74
2014-06-24,47219.31
2014-06-25,46270.17
2014-06-26,46270.17
2014-06-27,46270.17
2014-06-30,46610.4
2014-07-01,47327.48
2014-07-02,47566.51
2014-07-03,47693.87
2014-07-07,47456.59
2014-07-08,46744.74
2014-07-09,46982.02
2014-07-10,46744.74
2014-07-11,46982.02
2014-07-14,47456.59
2014-07-15,47456.59
2014-07-16,47578.72
2014-07-17,47578.72
2014-07-18,47578.72
2014-07-21,47343.18
2014-07-22,48520.87
2014-07-23,48756.41
2014-07-24,48756.41
2014-07-25,47927.66
2014-07-28,47927.66
2014-07-29,47927.66
2014-07-30,47927.66
2014-07-31,46758.7
2014-08-01,45589.73
2014-08-04,45823.52
2014-08-05,46291.11
2014-08-06,46057.32
2014-08-07,45823.52
2014-08-08,45355.94
2014-08-11,46758.7
2014-08-12,46524.9
2014-08-13,47226.28
2014-08-14,47226.28
2014-08-15,46992.49
2014-08-18,48395.25
2014-08-19,48730.24
2014-08-20,49194.34
2014-08-21,49658.43
2014-08-22,49515.37
2014-08-25,50436.58
2014-08-26,50436.58
2014-08-27,50436.58
2014-08-28,50206.28
2014-08-29,50511.61
2014-09-02,50511.61
2014-09-03,50897.19
2014-09-04,51315.93
2014-09-05,51033.28
2014-09-08,50415.65
2014-09-09,51090.86
2014-09-10,50865.79
2014-09-11,50865.79
2014-09-12,51033.28
2014-09-15,50190.58
2014-09-16,51033.28
2014-09-17,50865.79
2014-09-18,51991.14
2014-09-19,52258.08
2014-09-22,51364.78
2014-09-23,50694.8
2014-09-24,51364.78
2014-09-25,50918.13
2014-09-26,50520.33
2014-09-29,50963.49
2014-09-30,51661.38
2014-10-01,50342.37
2014-10-02,48969.27
2014-10-03,50815.19
2014-10-06,51628.23
2014-10-07,50077.17
2014-10-08,48969.27
2014-10-09,49855.59
2014-10-10,47924.18
2014-10-13,47568.25
2014-10-14,46753.46
2014-10-15,44218.37
2014-10-16,44888.35
2014-10-17,46674.95
2014-10-20,46451.63
2014-10-21,48304.53
2014-10-22,49463.03
2014-10-23,49682.86
2014-10-24,50077.17
2014-10-27,49855.59
2014-10-28,50298.75
2014-10-29,50342.37
2014-10-30,51661.38
2014-10-31,53214.19
2014-11-03,53868.46
2014-11-04,52559.92
2014-11-05,53868.46
2014-11-06,54519.25
2014-11-07,55395.1
2014-11-10,54951.94
2014-11-11,55395.1
2014-11-12,54519.25
2014-11-13,55177.01
2014-11-14,54958.92
2014-11-17,54519.25
2014-11-18,55177.01
2014-11-19,55178.75
2014-11-20,55395.1
2014-11-21,56899.05
2014-11-24,56466.36
2014-11-25,56703.64
2014-11-26,56485.55
2014-11-28,57576.01
2014-12-01,55831.28
2014-12-02,56682.71
2014-12-03,57513.2
2014-12-04,56466.36
2014-12-05,57942.4
2014-12-08,57727.8
2014-12-09,55600.98
2014-12-10,55384.63
2014-12-11,56033.67
2014-12-12,53868.46
2014-12-15,52139.44
2014-12-16,53650.37
2014-12-17,52148.16
2014-12-18,55796.39
2014-12-19,57258.47
2014-12-22,57471.32
2014-12-23,58961.32
2014-12-24,58535.61
2014-12-26,58535.61
2014-12-29,59387.04
2014-12-30,58961.32
2014-12-31,57633.58
2015-01-02,57785.38
2015-01-05,56680.96
2015-01-06,55642.85
2015-01-07,56822.29
2015-01-08,59292.82
2015-01-09,58057.55
2015-01-12,57645.8
2015-01-13,58881.06
2015-01-14,55792.9
2015-01-15,57275.92
2015-01-16,57680.69
2015-01-20,57384.09
2015-01-21,58692.63
2015-01-22,60266.38
2015-01-23,61553.99
2015-01-26,60967.76
2015-01-27,60067.48
2015-01-28,59737.73
2015-01-29,58357.65
2015-01-30,58751.95
2015-02-02,58357.65
2015-02-03,59390.52
2015-02-04,60132.03
2015-02-05,61597.61
2015-02-06,62300.73
2015-02-09,61314.96
2015-02-10,61709.27
2015-02-11,62497.88
2015-02-12,62852.06
2015-02-13,63448.76
2015-02-17,63846.56
2015-02-18,64244.36
2015-02-19,64244.36
2015-02-20,64244.36
2015-02-23,64666.58
2015-02-24,65258.04
2015-02-25,65437.75
2015-02-26,65853
2015-02-27,65657.59
2015-03-02,66243.81
2015-03-03,65266.77
2015-03-04,66039.68
2015-03-05,66212.41
2015-03-06,65762.27
2015-03-09,66181
2015-03-10,64966.67
2015-03-11,65217.91
2015-03-12,66578.8
2015-03-13,66133.9
2015-03-16,67503.51
2015-03-17,67318.57
2015-03-18,68272.93
2015-03-19,68513.71
2015-03-20,68023.44
2015-03-23,67512.23
2015-03-24,67131.88
2015-03-25,65252.81
2015-03-26,64469.43
2015-03-27,64469.43
2015-03-30,66515.99
2015-03-31,66646.85
2015-04-01,65573.84
2015-04-02,65610.48
2015-04-06,65610.48
2015-04-07,66515.99
2015-04-08,66704.42
2015-04-09,67393.59
2015-04-10,69167.98
2015-04-13,69722.8
2015-04-14,68700.39
2015-04-15,70007.19
2015-04-16,69154.02
2015-04-17,67081.28
2015-04-20,67953.65
2015-04-21,67766.96
2015-04-22,68327.02
2015-04-23,68400.3
2015-04-24,68843.46
2015-04-27,68653.28
2015-04-28,67555.85
2015-04-29,65846.02
2015-04-30,65462.18
2015-05-01,65462.18
2015-05-04,66233.35
2015-05-05,65071.36
2015-05-06,63483.66
2015-05-07,64272.27
2015-05-08,65853
2015-05-11,66634.63
2015-05-12,64680.54
2015-05-13,64642.15
2015-05-14,65437.75
2015-05-15,64841.05
2015-05-18,65652.35
2015-05-19,67201.67
2015-05-20,67782.66
2015-05-21,67782.66
2015-05-22,67939.69
2015-05-26,67892.58
2015-05-27,68463.11
2015-05-28,68272.93
2015-05-29,67363.93
2015-06-01,67702.41
2015-06-02,66233.35
2015-06-03,66440.97
2015-06-04,64680.54
2015-06-05,65458.69
2015-06-08,65258.04
2015-06-09,64075.12
2015-06-10,65060.89
2015-06-11,66046.66
2015-06-12,65060.89
2015-06-15,64469.43
2015-06-16,64485.13
2015-06-17,65455.2
2015-06-18,65437.75
2015-06-19,65652.35
2015-06-22,65652.35
2015-06-23,66830.04
2015-06-24,66830.04
2015-06-25,66439.22
2015-06-26,66243.81
2015-06-29,64289.72
2015-06-30,63134.71
2015-07-01,65071.36
2015-07-02,64490.36
2015-07-06,64684.03
2015-07-07,63717.45
2015-07-08,63909.37
2015-07-09,63909.37
2015-07-10,64485.13
2015-07-13,66020.49
2015-07-14,66788.17
2015-07-15,67131.88
2015-07-16,68463.11
2015-07-17,68400.3
2015-07-20,68777.16
2015-07-21,68082.76
2015-07-22,67892.58
2015-07-23,67363.93
2015-07-24,66404.33
2015-07-27,63715.7
2015-07-28,65265.02
2015-07-29,66404.33
2015-07-30,66941.71
2015-07-31,66596.25
2015-08-03,66561.35
2015-08-04,65990.83
2015-08-05,67892.58
2015-08-06,65800.65
2015-08-07,65060.89
2015-08-10,66404.33
2015-08-11,64485.13
2015-08-12,62726.44
2015-08-13,64296.7
2015-08-14,64490.36
2015-08-17,65846.02
2015-08-18,66020.49
2015-08-19,64490.36
2015-08-20,62531.03
2015-08-21,58277.39
2015-08-24,51001.87
2015-08-25,54173.79
2015-08-26,51457.25
2015-08-27,56668.75
2015-08-28,57254.98
2015-08-31,57254.98
2015-09-01,54808.87
2015-09-02,53933.02
2015-09-03,57131.1
2015-09-04,54419.8
2015-09-08,55887.11
2015-09-09,57450.39
2015-09-10,55400.33
2015-09-11,54414.56
2015-09-14,55006.02
2015-09-15,56386.1
2015-09-16,57371.88
2015-09-17,58277.39
2015-09-18,55794.64
2015-09-21,57059.57
2015-09-22,54807.13
2015-09-23,55300.88
2015-09-24,52760.56
2015-09-25,55300.88
2015-09-28,52174.33
2015-09-29,51392.69
2015-09-30,53542.2
2015-10-01,53346.79
2015-10-02,52760.56
2015-10-05,56668.75
2015-10-06,56977.57
2015-10-07,56473.34
2015-10-08,57569.03
2015-10-09,58476.29
2015-10-12,58277.39
2015-10-13,58476.29
2015-10-14,56782.16
2015-10-15,57282.89
2015-10-16,58554.8
2015-10-19,59146.26
2015-10-20,58949.11
2015-10-21,58949.11
2015-10-22,60423.4
2015-10-23,62757.85
2015-10-26,63134.71
2015-10-27,61990.17
2015-10-28,62377.5
2015-10-29,64677.05
2015-10-30,63909.37
2015-11-02,64293.21
2015-11-03,65828.57
2015-11-04,66181
2015-11-05,65800.65
2015-11-06,65713.42
2015-11-09,65008.55
2015-11-10,65340.05
2015-11-11,64966.67
2015-11-12,64254.83
2015-11-13,62935.81
2015-11-16,62166.39
2015-11-17,64729.39
2015-11-18,65526.73
2015-11-19,65153.36
2015-11-20,66393.86
2015-11-23,66948.68
2015-11-24,65839.04
2015-11-25,66763.74
2015-11-27,67133.63
2015-11-30,67133.63
2015-12-01,66948.68
2015-12-02,67688.45
2015-12-03,63898.9
2015-12-04,64089.08
2015-12-07,63689.53
2015-12-08,64089.08
2015-12-09,63717.45
2015-12-10,61616.8
2015-12-11,60070.97
2015-12-14,59303.29
2015-12-15,61616.8
2015-12-16,61806.97
2015-12-17,62747.38
2015-12-18,61236.45
2015-12-21,59524.87
2015-12-22,60454.81
2015-12-23,63138.2
2015-12-24,62949.77
2015-12-28,61606.33
2015-12-29,63898.9
2015-12-30,63518.55
2015-12-31,63518.55
2016-01-04,59732.49
2016-01-05,61046.27
2016-01-06,60297.78
2016-01-07,58003.47
2016-01-08,55341.01
2016-01-11,54390.14
2016-01-12,55341.01
2016-01-13,55911.54
2016-01-14,53819.61
2016-01-15,51347.33
2016-01-19,52678.56
2016-01-20,49445.58
2016-01-21,52488.38
2016-01-22,53325.85
2016-01-25,52948.99
2016-01-26,53249.08
2016-01-27,53629.43
2016-01-28,51727.68
2016-01-29,54079.57
2016-02-01,54960.66
2016-02-02,53819.61
2016-02-03,51708.49
2016-02-04,52174.33
2016-02-05,51197.28
2016-02-08,48266.14
2016-02-09,48105.63
2016-02-10,49485.71
2016-02-11,45739.78
2016-02-12,48852.37
2016-02-16,50352.84
2016-02-17,52676.81
2016-02-18,52870.48
2016-02-19,52483.15
2016-02-22,54313.37
2016-02-23,53353.77
2016-02-24,51626.49
2016-02-25,53737.61
2016-02-26,55531.19
2016-02-29,56291.89
2016-03-01,56672.24
2016-03-02,58003.47
2016-03-03,57384.09
2016-03-04,57959.85
2016-03-07,58151.77
2016-03-08,56808.33
2016-03-09,57192.17
2016-03-10,55691.7
2016-03-11,57518.43
2016-03-14,58486.76
2016-03-15,57905.76
2016-03-16,59209.07
2016-03-17,58357.65
2016-03-18,59343.42
2016-03-21,59209.07
2016-03-22,59795.3
2016-03-23,59795.3
2016-03-24,58622.84
2016-03-28,58622.84
2016-03-29,59540.57
2016-03-30,59737.73
2016-03-31,59669.68
2016-04-01,59868.58
2016-04-04,60067.48
2016-04-05,58874.09
2016-04-06,59470.78
2016-04-07,58874.09
2016-04-08,58874.09
2016-04-11,58675.19
2016-04-12,59271.88
2016-04-13,61314.96
2016-04-14,61906.42
2016-04-15,61512.11
2016-04-18,61512.11
2016-04-19,62056.47
2016-04-20,62300.73
2016-04-21,62300.73
2016-04-22,61749.4
2016-04-25,61709.27
2016-04-26,61709.27
2016-04-27,61709.27
2016-04-28,62103.58
2016-04-29,58675.19
2016-05-02,59591.17
2016-05-03,58587.95
2016-05-04,58387.31
2016-05-05,59072.98
2016-05-06,58476.29
2016-05-09,59271.88
2016-05-10,60664.18
2016-05-11,60067.48
2016-05-12,59470.78
2016-05-13,60526.34
2016-05-16,59934.88
2016-05-17,59737.73
2016-05-18,59404.48
2016-05-19,58818.25
2016-05-20,60381.53
2016-05-23,60186.12
2016-05-24,61585.39
2016-05-25,62921.85
2016-05-26,62726.44
2016-05-27,63134.71
2016-05-31,63134.71
2016-06-01,63117.26
2016-06-02,62941.05
2016-06-03,62454.27
2016-06-06,63050.96
2016-06-07,63647.66
2016-06-08,63050.96
2016-06-09,62892.19
2016-06-10,62531.03
2016-06-13,62300.73
2016-06-14,61358.58
2016-06-15,62103.58
2016-06-16,61553.99
2016-06-17,61117.81
2016-06-20,62300.73
2016-06-21,61749.4
2016-06-22,62497.88
2016-06-23,62653.17
2016-06-24,61004.4
2016-06-27,58343.69
2016-06-28,59648.74
2016-06-29,61585.39
2016-06-30,62747.38
2016-07-01,63522.04
2016-07-05,63134.71
2016-07-06,63328.37
2016-07-07,64296.7
2016-07-08,65444.73
2016-07-11,67008.01
2016-07-12,67589
2016-07-13,66620.68
2016-07-14,67782.66
2016-07-15,67363.93
2016-07-18,68169.99
2016-07-19,68131.61
2016-07-20,69091.21
2016-07-21,68899.29
2016-07-22,69091.21
2016-07-25,68707.37
2016-07-26,68707.37
2016-07-27,69331.98
2016-07-28,67782.66
2016-07-29,68197.91
2016-08-01,68393.32
2016-08-02,66439.22
2016-08-03,66814.34
2016-08-04,67782.66
2016-08-05,69525.65
2016-08-08,69331.98
2016-08-09,69331.98
2016-08-10,68393.32
2016-08-11,68557.32
2016-08-12,69174.96
2016-08-15,69370.37
2016-08-16,68215.36
2016-08-17,67623.89
2016-08-18,68421.23
2016-08-19,67821.05
2016-08-22,67623.89
2016-08-23,68215.36
2016-08-24,68609.67
2016-08-25,68018.2
2016-08-26,68002.5
2016-08-29,68784.14
2016-08-30,68169.99
2016-08-31,68393.32
2016-09-01,67416.27
2016-09-02,68979.55
2016-09-06,68806.82
2016-09-07,68393.32
2016-09-08,68609.67
2016-09-09,66830.04
2016-09-12,65657.59
2016-09-13,64680.54
2016-09-14,64875.95
2016-09-15,65853
2016-09-16,65652.35
2016-09-19,67025.45
2016-09-20,66830.04
2016-09-21,67220.86
2016-09-22,67807.09
2016-09-23,68002.5
2016-09-26,66638.12
2016-09-27,67220.86
2016-09-28,67025.45
2016-09-29,67416.27
2016-09-30,67611.68
2016-10-03,67220.86
2016-10-04,68002.5
2016-10-05,67416.27
2016-10-06,66814.34
2016-10-07,67416.27
2016-10-10,67782.66
2016-10-11,67395.33
2016-10-12,67172.01
2016-10-13,66620.68
2016-10-14,67363.93
2016-10-17,66788.17
2016-10-18,67555.85
2016-10-19,68131.61
2016-10-20,67512.23
2016-10-21,68082.76
2016-10-24,69033.63
2016-10-25,68463.11
2016-10-26,68082.76
2016-10-27,67512.23
2016-10-28,68131.61
2016-10-31,67363.93
2016-11-01,65652.35
2016-11-02,64296.7
2016-11-03,63909.37
2016-11-04,63909.37
2016-11-07,66020.49
2016-11-08,66788.17
2016-11-09,68272.93
2016-11-10,69413.98
2016-11-11,69604.16
2016-11-14,70193.88
2016-11-15,70753.94
2016-11-16,71874.05
2016-11-17,71942.09
2016-11-18,72866.8
2016-11-21,73236.68
2016-11-22,73421.62
2016-11-23,74346.33
2016-11-25,74531.27
2016-11-28,74346.33
2016-11-29,74346.33
2016-11-30,74901.15
2016-12-01,73927.59
2016-12-02,73180.85
2016-12-05,73864.78
2016-12-06,72994.17
2016-12-07,74053.21
2016-12-08,76565.62
2016-12-09,78045.15
2016-12-12,77860.21
2016-12-13,77675.27
2016-12-14,76759.29
2016-12-15,79657.28
2016-12-16,79507.23
2016-12-19,78931.47
2016-12-20,80201.63
2016-12-21,79475.83
2016-12-22,78387.12
2016-12-23,78568.57
2016-12-27,80056.82
2016-12-28,79657.28
2016-12-29,78041.66
2016-12-30,76759.29
2017-01-03,78568.57
2017-01-04,79507.23
2017-01-05,78230.09
2017-01-06,78774.45
2017-01-09,79339.74
2017-01-10,79339.74
2017-01-11,79709.62
2017-01-12,76935.5
2017-01-13,78969.86
2017-01-17,77661.31
2017-01-18,77490.33
2017-01-19,78968.11
2017-01-20,78594.74
2017-01-23,77444.97
2017-01-24,77474.63
2017-01-25,78968.11
2017-01-26,80461.6
2017-01-27,79714.86
2017-01-30,78221.37
2017-01-31,77256.53
2017-02-01,78198.69
2017-02-02,78010.26
2017-02-03,79329.27
2017-02-06,79341.48
2017-02-07,80088.23
2017-02-08,79714.86
2017-02-09,81395.03
2017-02-10,81189.15
2017-02-13,82853.62
2017-02-14,83408.44
2017-02-15,84333.15
2017-02-16,83821.94
2017-02-17,83593.38
2017-02-21,85369.52
2017-02-22,86367.5
2017-02-23,85627.74
2017-02-24,85442.8
2017-02-27,85442.8
2017-02-28,85627.74
2017-03-01,87384.68
2017-03-02,87567.87
2017-03-03,87292.21
2017-03-06,86182.56
2017-03-07,86182.56
2017-03-08,85919.11
2017-03-09,85997.62
2017-03-10,85688.8
2017-03-13,85875.49
2017-03-14,84703.03
2017-03-15,86808.92
2017-03-16,86489.63
2017-03-17,85502.12
2017-03-20,85128.75
2017-03-21,83286.31
2017-03-22,82721.02
2017-03-23,83851.6
2017-03-24,82909.45
2017-03-27,81775.38
2017-03-28,82155.73
2017-03-29,84605.33
2017-03-30,84942.06
2017-03-31,85315.43
2017-04-03,84568.69
2017-04-04,85128.75
2017-04-05,86062.17
2017-04-06,84703.03
2017-04-07,85072.91
2017-04-10,85442.8
2017-04-11,83778.33
2017-04-12,84942.06
2017-04-13,84148.21
2017-04-17,84148.21
2017-04-18,83261.89
2017-04-19,84008.63
2017-04-20,82888.52
2017-04-21,84195.32
2017-04-24,84628.01
2017-04-25,84628.01
2017-04-26,86339.59
2017-04-27,85769.06
2017-04-28,85008.36
2017-05-01,85008.36
2017-05-02,85198.53
2017-05-03,84628.01
2017-05-04,85404.41
2017-05-05,84828.65
2017-05-08,85388.71
2017-05-09,86339.59
2017-05-10,86339.59
2017-05-11,85769.06
2017-05-12,85008.36
2017-05-15,85788.25
2017-05-16,85018.83
2017-05-17,82853.62
2017-05-18,81920.19
2017-05-19,82658.21
2017-05-22,82658.21
2017-05-23,83049.03
2017-05-24,84221.49
2017-05-25,84612.31
2017-05-26,85393.94
2017-05-30,85003.12
2017-05-31,83830.67
2017-06-01,85003.12
2017-06-02,85959.24
2017-06-05,86550.7
2017-06-06,85959.24
2017-06-07,86156.39
2017-06-08,86175.58
2017-06-09,87348.04
2017-06-12,85784.76
2017-06-13,86370.99
2017-06-14,85393.94
2017-06-15,85987.15
2017-06-16,85980.17
2017-06-19,87149.14
2017-06-20,87536.47
2017-06-21,87348.04
2017-06-22,87543.45
2017-06-23,86761.81
2017-06-26,86761.81
2017-06-27,85959.24
2017-06-28,85725.44
2017-06-29,83736.45
2017-06-30,83935.35
2017-07-03,85725.44
2017-07-05,84776.31
2017-07-06,83935.35
2017-07-07,84134.25
2017-07-10,84532.05
2017-07-11,84270.34
2017-07-12,85327.64
2017-07-13,85924.34
2017-07-14,86076.13
2017-07-17,86477.42
2017-07-18,85407.9
2017-07-19,86276.78
2017-07-20,85407.9
2017-07-21,85940.04
2017-07-24,85205.51
2017-07-25,85812.68
2017-07-26,86960.71
2017-07-27,86552.44
2017-07-28,84306.98
2017-07-31,84821.67
2017-08-01,84821.67
2017-08-02,84294.77
2017-08-03,84087.14
2017-08-04,85645.18
2017-08-07,85233.43
2017-08-08,86674.57
2017-08-09,85233.43
2017-08-10,84204.04
2017-08-11,82762.89
2017-08-14,84615.8
2017-08-15,84511.11
2017-08-16,86056.94
2017-08-17,83490.45
2017-08-18,82968.77
2017-08-21,81321.75
2017-08-22,83380.53
2017-08-23,82968.77
2017-08-24,82351.14
2017-08-25,82426.16
2017-08-28,81862.62
2017-08-29,80815.78
2017-08-30,82426.16
2017-08-31,83879.52
2017-09-01,84917.63
2017-09-05,83464.28
2017-09-06,82841.41
2017-09-07,82490.72
2017-09-08,82490.72
2017-09-11,84584.39
2017-09-12,85421.86
2017-09-13,85748.12
2017-09-14,86163.37
2017-09-15,85125.26
2017-09-18,85748.12
2017-09-19,86259.33
2017-09-20,85332.88
2017-09-21,85955.75
2017-09-22,85125.26
2017-09-25,85645.18
2017-09-26,87292.21
2017-09-27,86960.71
2017-09-28,87498.09
2017-09-29,87703.96
2017-10-02,88797.91
2017-10-03,88797.91
2017-10-04,89968.62
2017-10-05,90635.11
2017-10-06,90430.97
2017-10-09,90430.97
2017-10-10,90174.5
2017-10-11,90523.44
2017-10-12,89968.62
2017-10-13,90174.5
2017-10-16,90586.25
2017-10-17,91409.76
2017-10-18,91615.64
2017-10-19,90731.07
2017-10-20,92027.4
2017-10-23,92064.04
2017-10-24,92233.28
2017-10-25,90380.38
2017-10-26,91277.16
2017-10-27,94110.6
2017-10-30,93697.1
2017-10-31,92896.27
2017-11-01,93705.83
2017-11-02,93697.1
2017-11-03,94312.99
2017-11-06,94920.16
2017-11-07,95324.93
2017-11-08,94717.77
2017-11-09,93503.44
2017-11-10,93901.24
2017-11-13,94105.37
2017-11-14,92645.03
2017-11-15,92027.4
2017-11-16,93262.66
2017-11-17,92850.91
2017-11-20,92880.57
2017-11-21,94309.5
2017-11-22,94086.18
2017-11-24,93014.91
2017-11-27,93014.91
2017-11-28,93674.42
2017-11-29,95115.57
2017-11-30,96336.87
2017-12-01,94053.03
2017-12-04,97997.86
2017-12-05,97174.34
2017-12-06,96350.83
2017-12-07,96968.47
2017-12-08,97997.86
2017-12-11,97997.86
2017-12-12,99616.96
2017-12-13,99850.76
2017-12-14,99233.12
2017-12-15,99208.7
2017-12-18,100880.15
2017-12-19,100262.51
2017-12-20,99658.84
2017-12-21,100281.7
2017-12-22,100074.08
2017-12-26,100074.08
2017-12-27,99658.84
2017-12-28,98620.72
2017-12-29,98612
2018-01-02,99222.65
2018-01-03,99868.2
2018-01-04,101333.77
2018-01-05,101961.88
2018-01-08,103427.45
2018-01-09,104641.78
2018-01-10,102980.8
2018-01-11,103427.45
2018-01-12,105364.09
2018-01-16,105798.53
2018-01-17,104512.67
2018-01-18,104938.38
2018-01-19,105364.09
2018-01-22,106871.54
2018-01-23,108159.15
2018-01-24,106875.03
2018-01-25,105576.95
2018-01-26,107740.41
2018-01-29,109471.18
2018-01-30,106225.99
2018-01-31,105576.95
2018-02-01,105774.11
2018-02-02,103593.2
2018-02-05,100384.64
2018-02-06,91730.79
2018-02-07,98716.68
2018-02-08,93656.97
2018-02-09,89612.69
2018-02-12,93351.65
2018-02-13,92493.24
2018-02-14,94759.64
2018-02-15,96396.2
2018-02-16,99086.57
2018-02-20,99145.89
2018-02-21,100004.29
2018-02-22,98931.28
2018-02-23,99145.89
2018-02-26,101721.1
2018-02-27,102596.96
2018-02-28,101106.96
2018-03-01,99789.69
2018-03-02,94639.25
2018-03-05,97429.07
2018-03-06,97788.49
2018-03-07,98221.18
2018-03-08,99360.49
2018-03-09,102364.91
2018-03-12,103652.52
2018-03-13,102548.1
2018-03-14,101250.03
2018-03-15,101291.9
2018-03-16,101935.71
2018-03-19,98072.88
2018-03-20,98765.54
2018-03-21,100433.49
2018-03-22,96141.47
2018-03-23,93028.87
2018-03-26,90216.37
2018-03-27,94110.6
2018-03-28,89918.02
2018-03-29,92707.84
2018-04-02,92707.84
2018-04-03,90347.23
2018-04-04,90776.43
2018-04-05,95785.54
2018-04-06,93137.04
2018-04-09,92922.44
2018-04-10,94759.64
2018-04-11,93461.56
2018-04-12,94639.25
2018-04-13,94210.05
2018-04-16,94975.99
2018-04-17,97788.49
2018-04-18,98004.83
2018-04-19,96141.47
2018-04-20,95712.26
2018-04-23,96424.11
2018-04-24,95572.68
2018-04-25,93444.12
2018-04-26,95633.75
2018-04-27,96478.2
2018-04-30,97533.76
2018-05-01,96727.69
2018-05-02,96308.96
2018-05-03,93168.45
2018-05-04,97565.16
2018-05-07,98620.72
2018-05-08,99035.97
2018-05-09,99866.46
2018-05-10,101942.68
2018-05-11,102150.31
2018-05-14,102150.31
2018-05-15,101086.02
2018-05-16,102938.92
2018-05-17,103762.44
2018-05-18,103350.68
2018-05-21,104380.07
2018-05-22,104585.95
2018-05-23,103699.62
2018-05-24,103495.49
2018-05-25,104230.02
2018-05-29,103331.49
2018-05-30,104720.29
2018-05-31,104312.02
2018-06-01,105332.69
2018-06-04,106149.22
2018-06-05,106353.36
2018-06-06,106850.6
2018-06-07,106850.6
2018-06-08,107674.11
2018-06-11,108085.87
2018-06-12,107578.15
2018-06-13,109115.26
2018-06-14,109289.73
2018-06-15,108480.18
2018-06-18,109087.34
2018-06-19,108480.18
2018-06-20,109289.73
2018-06-21,108075.4
2018-06-22,108598.82
2018-06-25,103699.62
2018-06-26,104027.63
2018-06-27,106253.91
2018-06-28,104634.8
2018-06-29,106149.22
2018-07-02,104230.02
2018-07-03,105945.09
2018-07-05,104720.29
2018-07-06,106149.22
2018-07-09,108909.38
2018-07-10,109211.22
2018-07-11,108394.69
2018-07-12,110231.88
2018-07-13,111456.68
2018-07-16,110231.88
2018-07-17,111048.42
2018-07-18,111718.39
2018-07-19,112123.17
2018-07-20,111252.55
2018-07-23,110640.15
2018-07-24,112273.22
2018-07-25,112885.62
2018-07-26,113539.89
2018-07-27,114110.41
2018-07-30,110844.28
2018-07-31,111456.68
2018-08-01,112069.08
2018-08-02,112123.17
2018-08-03,113944.66
2018-08-06,115563.77
2018-08-07,116170.94
2018-08-08,116170.94
2018-08-09,115771.39
2018-08-10,116554.78
2018-08-13,115958.08
2018-08-14,116320.98
2018-08-15,115138.06
2018-08-16,117350.37
2018-08-17,116554.78
2018-08-20,118179.12
2018-08-21,118397.21
2018-08-22,116980.49
2018-08-23,115771.39
2018-08-24,116980.49
2018-08-27,119009.61
2018-08-28,118193.08
2018-08-29,120030.27
2018-08-30,120234.41
2018-08-31,119611.54
2018-09-04,120218.71
2018-09-05,117992.43
2018-09-06,117385.27
2018-09-07,118801.99
2018-09-10,118194.82
2018-09-11,118801.99
2018-09-12,118599.6
2018-09-13,119213.74
2018-09-14,119409.15
2018-09-17,119009.61
2018-09-18,119622.01
2018-09-19,120030.27
2018-09-20,121056.17
2018-09-21,120846.81
2018-09-24,118601.34
2018-09-25,120232.66
2018-09-26,119622.01
2018-09-27,120218.71
2018-09-28,120825.87
2018-10-01,123254.53
2018-10-02,121790.7
2018-10-03,123195.21
2018-10-04,120787.49
2018-10-05,119382.98
2018-10-08,118981.69
2018-10-09,119984.91
2018-10-10,114768.18
2018-10-11,108682.57
2018-10-12,109087.34
2018-10-15,109087.34
2018-10-16,111111.23
2018-10-17,111156.59
2018-10-18,110554.66
2018-10-19,110955.95
2018-10-22,109752.08
2018-10-23,105337.92
2018-10-24,105814.23
2018-10-25,105814.23
2018-10-26,102432.95
2018-10-29,103029.65
2018-10-30,101337.26
2018-10-31,106857.58
2018-11-01,107604.33
2018-11-02,106410.93
2018-11-05,107206.53
2018-11-06,108201.02
2018-11-07,110786.71
2018-11-08,113571.29
2018-11-09,111589.28
2018-11-12,108647.67
2018-11-13,110012.05
2018-11-14,106660.43
2018-11-15,106068.96
2018-11-16,107007.63
2018-11-19,105337.92
2018-11-20,101040.66
2018-11-21,102432.95
2018-11-23,100942.96
2018-11-26,102323.03
2018-11-27,103900.27
2018-11-28,106609.83
2018-11-29,108002.12
2018-11-30,108631.97
2018-12-03,112576.8
2018-12-04,110209.2
2018-12-06,100245.06
2018-12-07,101836.26
2018-12-10,97261.58
2018-12-11,101534.42
2018-12-12,103626.35
2018-12-13,102432.95
2018-12-14,99957.18
2018-12-17,96999.87
2018-12-18,94675.89
2018-12-19,94278.1
2018-12-20,88311.13
2018-12-21,87913.33
2018-12-24,87913.33
2018-12-26,87913.33
2018-12-27,85128.75
2018-12-28,88112.23
2018-12-31,89504.52
2019-01-02,89902.32
2019-01-03,87117.73
2019-01-04,90697.92
2019-01-07,92898.02
2019-01-08,92686.9
2019-01-09,94703.81
2019-01-10,95105.1
2019-01-11,95707.03
2019-01-14,95506.38
2019-01-15,97062.68
2019-01-16,98653.87
2019-01-17,99051.67
2019-01-18,103029.65
2019-01-22,101239.56
2019-01-23,99648.37
2019-01-24,99957.18
2019-01-25,102035.15
2019-01-28,99051.67
2019-01-29,99449.47
2019-01-30,102127.63
2019-01-31,103825.25
2019-02-01,105137.28
2019-02-04,105416.44
2019-02-05,107405.43
2019-02-06,107803.22
2019-02-07,104294.58
2019-02-08,104294.58
2019-02-11,107054.74
2019-02-12,109026.28
2019-02-13,110209.2
2019-02-14,109617.74
2019-02-15,111983.59
2019-02-19,111589.28
2019-02-20,111589.28
2019-02-21,111392.13
2019-02-22,112772.21
2019-02-25,114963.59
2019-02-26,113770.19
2019-02-27,112775.7
2019-02-28,112974.6
2019-03-01,113173.5
2019-03-04,113166.52
2019-03-05,113757.98
2019-03-06,112180.75
2019-03-07,111188
2019-03-08,109038.49
2019-03-11,112555.86
2019-03-12,114152.29
2019-03-13,115335.21
2019-03-14,115335.21
2019-03-15,116123.83
2019-03-18,115729.52
2019-03-19,118344.87
2019-03-20,115560.28
2019-03-21,118145.97
2019-03-22,115532.37
2019-03-25,113757.98
2019-03-26,115729.52
2019-03-27,114119.14
2019-03-28,115291.59
2019-03-29,117050.28
2019-04-01,119786.01
2019-04-02,120958.47
2019-04-03,121740.11
2019-04-04,120958.47
2019-04-05,122717.15
2019-04-08,122629.92
2019-04-09,121644.15
2019-04-10,122235.61
2019-04-11,122629.92
2019-04-12,122629.92
2019-04-15,122827.07
2019-04-16,123812.84
2019-04-17,123024.23
2019-04-18,122912.56
2019-04-22,124010
2019-04-23,126234.53
2019-04-24,127016.16
2019-04-25,126656.75
2019-04-26,126269.42
2019-04-29,128384.03
2019-04-30,126625.34
2019-05-01,126625.34
2019-05-02,125452.89
2019-05-03,127406.98
2019-05-06,125648.3
2019-05-07,123498.79
2019-05-08,122717.15
2019-05-09,118222.74
2019-05-10,117050.28
2019-05-13,116073.23
2019-05-14,119004.37
2019-05-15,119786.01
2019-05-16,123498.79
2019-05-17,123107.97
2019-05-20,120567.65
2019-05-21,121544.7
2019-05-22,121544.7
2019-05-23,118027.33
2019-05-24,117441.1
2019-05-28,118027.33
2019-05-29,113874.88
2019-05-30,114649.53
2019-05-31,113923.73
2019-06-03,111774.22
2019-06-04,114743.75
2019-06-05,115682.41
2019-06-06,117701.06
2019-06-07,119869.76
2019-06-10,122629.92
2019-06-11,121841.3
2019-06-12,121052.68
2019-06-13,122432.76
2019-06-14,122521.75
2019-06-17,122912.56
2019-06-18,126234.53
2019-06-19,125452.89
2019-06-20,127164.47
2019-06-21,128886.51
2019-06-24,126499.72
2019-06-25,125107.43
2019-06-26,124112.94
2019-06-27,124112.94
2019-06-28,125306.33
2019-07-01,128347.39
2019-07-02,128347.39
2019-07-03,131304.7
2019-07-05,130728.94
2019-07-08,130142.72
2019-07-09,130533.53
2019-07-10,132093.32
2019-07-11,132881.94
2019-07-12,133670.55
2019-07-15,133867.71
2019-07-16,133660.09
2019-07-17,132096.81
2019-07-18,131699.01
2019-07-19,132487.63
2019-07-22,130924.35
2019-07-23,133464.68
2019-07-24,133822.35
2019-07-25,133822.35
2019-07-26,135952.66
2019-07-29,135178
2019-07-30,135809.59
2019-07-31,134984.33
2019-08-01,136339.99
2019-08-02,127431.41
2019-08-05,121935.52
2019-08-06,119981.42
2019-08-07,120176.83
2019-08-08,126039.12
2019-08-09,124671.25
2019-08-12,123107.97
2019-08-13,126039.12
2019-08-14,121427.8
2019-08-15,120459.48
2019-08-16,124139.11
2019-08-19,127625.07
2019-08-20,127044.08
2019-08-21,127625.07
2019-08-22,127044.08
2019-08-23,122396.13
2019-08-26,122202.46
2019-08-27,123558.11
2019-08-28,124139.11
2019-08-29,128012.4
2019-08-30,128202.58
2019-09-03,127434.9
2019-09-04,128394.5
2019-09-05,132040.98
2019-09-06,132232.9
2019-09-09,132232.9
2019-09-10,130313.7
2019-09-11,134152.1
2019-09-12,136146.32
2019-09-13,135565.33
2019-09-16,134535.94
2019-09-17,134984.33
2019-09-18,133192.5
2019-09-19,135687.46
2019-09-20,136071.3
2019-09-23,134727.86
2019-09-24,134152.1
2019-09-25,132552.18
2019-09-26,132552.18
2019-09-27,133693.24
2019-09-30,134263.76
2019-10-01,132171.83
2019-10-02,125899.54
2019-10-03,125515.7
2019-10-04,130121.78
2019-10-07,131273.3
2019-10-08,127242.98
2019-10-09,128010.66
2019-10-10,130121.78
2019-10-11,133384.42
2019-10-14,132040.98
2019-10-15,133960.18
2019-10-16,133822.35
2019-10-17,133047.69
2019-10-18,133073.86
2019-10-21,133047.69
2019-10-22,133628.68
2019-10-23,133435.02
2019-10-24,134984.33
2019-10-25,136533.65
2019-10-28,137501.98
2019-10-29,137695.64
2019-10-30,137959.09
2019-10-31,136395.82
2019-11-01,138936.14
2019-11-04,140213.28
2019-11-05,141762.6
2019-11-06,141568.94
2019-11-07,142788.5
2019-11-08,142404.66
2019-11-11,141828.9
2019-11-12,144131.94
2019-11-13,143748.1
2019-11-14,143556.18
2019-11-15,144899.62
2019-11-18,145829.56
2019-11-19,145829.56
2019-11-20,145829.56
2019-11-21,144473.91
2019-11-22,144515.78
2019-11-25,147586.5
2019-11-26,148162.26
2019-11-27,149697.62
2019-11-29,148929.94
2019-12-02,145248.57
2019-12-03,141956.27
2019-12-04,145635.9
2019-12-05,144667.57
2019-12-06,149702.86
2019-12-09,148540.87
2019-12-10,147378.88
2019-12-11,147185.21
2019-12-12,148734.53
2019-12-13,148347.2
2019-12-16,151445.84
2019-12-17,150864.84
2019-12-18,152026.83
2019-12-19,152607.83
2019-12-20,156093.79
2019-12-23,155900.13
2019-12-24,156093.79
2019-12-26,156093.79
2019-12-27,156913.81
2019-12-30,153396.44
2019-12-31,152810.22
2020-01-02,155936.77
2020-01-03,156327.59
2020-01-06,155545.95
2020-01-07,157890.86
2020-01-08,157643.11
2020-01-09,160548.08
2020-01-10,160548.08
2020-01-13,160160.75
2020-01-14,161322.74
2020-01-15,161516.41
2020-01-16,162872.06
2020-01-17,165777.03
2020-01-21,166164.36
2020-01-22,166939.02
2020-01-23,166164.36
2020-01-24,165818.9
2020-01-27,159101.7
2020-01-28,162748.18
2020-01-29,163707.78
2020-01-30,160061.3
2020-01-31,158224.1
2020-02-03,160354.42
2020-02-04,164859.3
2020-02-05,167738.1
2020-02-06,170424.98
2020-02-07,169256.02
2020-02-10,170397.07
2020-02-11,173059.52
2020-02-12,174961.28
2020-02-13,175240.43
2020-02-14,175617.29
2020-02-18,174675.14
2020-02-19,178632.18
2020-02-20,175994.15
2020-02-21,172225.54
2020-02-24,162599.88
2020-02-25,156894.62
2020-02-26,154612.52
2020-02-27,141636.98
2020-02-28,126667.22
2020-03-02,134597
2020-03-03,140890.24
2020-03-04,139438.62
2020-03-05,139522.37
2020-03-06,127361.62
2020-03-09,112974.6
2020-03-10,109617.74
2020-03-11,111392.13
2020-03-12,92624.09
2020-03-13,94314.74
2020-03-16,90083.77
2020-03-17,88667.05
2020-03-18,80634.33
2020-03-19,82701.83
2020-03-20,82515.14
2020-03-23,71500.68
2020-03-24,84605.33
2020-03-25,90333.27
2020-03-26,94040.81
2020-03-27,90635.11
2020-03-30,94040.81
2020-03-31,97495.37
2020-04-01,88475.13
2020-04-02,89002.04
2020-04-03,88185.51
2020-04-06,95534.3
2020-04-07,103835.71
2020-04-08,102884.84
2020-04-09,108019.57
2020-04-13,108019.57
2020-04-14,111313.62
2020-04-15,107449.04
2020-04-16,109478.16
2020-04-17,113534.65
2020-04-20,115056.06
2020-04-21,106117.82
2020-04-22,109478.16
2020-04-23,112681.48
2020-04-24,110420.32
2020-04-27,116073.23
2020-04-28,116638.52
2020-04-29,122092.54
2020-04-30,118798.5
2020-05-01,118798.5
2020-05-04,110301.67
2020-05-05,117203.82
2020-05-06,116261.66
2020-05-07,118899.69
2020-05-08,119841.84
2020-05-11,121160.86
2020-05-12,120595.57
2020-05-13,113812.07
2020-05-14,111739.33
2020-05-15,114377.36
2020-05-18,123233.59
2020-05-19,122663.07
2020-05-20,123788.42
2020-05-21,120951.49
2020-05-22,121712.19
2020-05-26,126475.3
2020-05-27,125515.7
2020-05-28,129755.39
2020-05-29,125107.43
2020-06-01,128399.73
2020-06-02,129556.49
2020-06-03,132878.45
2020-06-04,131501.86
2020-06-05,139388.03
2020-06-08,139782.33
2020-06-09,138205.1
2020-06-10,138234.76
2020-06-11,126967.31
2020-06-12,125587.23
2020-06-15,124010
2020-06-16,133079.09
2020-06-17,133073.86
2020-06-18,132096.81
2020-06-19,134637.13
2020-06-22,131896.17
2020-06-23,134262.02
2020-06-24,127755.93
2020-06-25,126429.94
2020-06-26,125452.89
2020-06-29,125062.07
2020-06-30,128579.44
2020-07-01,132093.32
2020-07-02,134637.13
2020-07-06,137416.48
2020-07-07,137810.79
2020-07-08,134459.17
2020-07-09,133079.09
2020-07-10,136036.4
2020-07-13,141162.41
2020-07-14,135649.08
2020-07-15,139825.95
2020-07-16,138035.86
2020-07-17,139428.16
2020-07-20,140820.45
2020-07-21,144262.8
2020-07-22,141671.87
2020-07-23,143088.59
2020-07-24,138198.12
2020-07-27,136497.01
2020-07-28,137789.86
2020-07-29,138555.79
2020-07-30,137320.52
2020-07-31,137320.52
2020-08-03,143702.74
2020-08-04,143496.86
2020-08-05,143882.44
2020-08-06,144712.93
2020-08-07,146790.91
2020-08-10,145955.18
2020-08-11,147792.38
2020-08-12,149055.56
2020-08-13,148437.93
2020-08-14,148232.05
2020-08-17,149488.25
2020-08-18,148657.76
2020-08-19,149055.56
2020-08-20,149695.88
2020-08-21,151114.34
2020-08-24,153379
2020-08-25,153996.63
2020-08-26,156467.16
2020-08-27,160378.84
2020-08-28,159038.89
2020-08-31,158416.02
2020-09-01,160077.01
2020-09-02,165890.44
2020-09-03,159038.89
2020-09-04,149055.56
2020-09-08,147408.54
2020-09-09,150084.95
2020-09-10,149055.56
2020-09-11,145555.64
2020-09-14,150111.12
2020-09-15,151731.97
2020-09-16,152555.48
2020-09-17,147614.42
2020-09-18,144320.37
2020-09-21,138967.55
2020-09-22,142280.78
2020-09-23,144730.38
2020-09-24,140851.85
2020-09-25,142481.43
2020-09-28,150037.84
2020-09-29,147179.98
2020-09-30,150241.98
2020-10-01,150854.38
2020-10-02,149221.31
2020-10-05,152143.73
2020-10-06,151875.04
2020-10-07,153996.63
2020-10-08,156467.16
2020-10-09,158320.06
2020-10-12,163878.77
2020-10-13,164531.29
2020-10-14,162489.96
2020-10-15,159836.23
2020-10-16,162694.1
2020-10-19,159761.21
2020-10-20,155849.53
2020-10-21,155924.55
2020-10-22,154614.26
2020-10-23,157170.29
2020-10-26,150702.58
2020-10-27,151526.1
2020-10-28,144322.12
2020-10-29,145955.18
2020-10-30,141671.87
2020-11-02,145517.25
2020-11-03,151262.64
2020-11-04,159223.83
2020-11-05,162849.38
2020-11-06,161530.36
2020-11-09,170878.61
2020-11-10,163467.01
2020-11-11,168408.08
2020-11-12,165937.55
2020-11-13,165731.67
2020-11-16,171084.49
2020-11-17,171081
2020-11-18,171496.25
2020-11-19,167966.66
2020-11-20,169212.4
2020-11-23,166761.06
2020-11-24,173364.85
2020-11-25,172741.98
2020-11-27,174402.96
2020-11-30,169627.64
2020-12-01,176067.43
2020-12-02,174589.65
2020-12-03,173745.2
2020-12-04,175645.21
2020-12-07,176278.55
2020-12-08,177334.11
2020-12-09,177967.44
2020-12-10,175011.87
2020-12-11,172689.64
2020-12-14,174800.76
2020-12-15,175393.97
2020-12-16,178161.11
2020-12-17,178977.64
2020-12-18,178119.23
2020-12-21,174116.83
2020-12-22,177948.25
2020-12-23,178799.68
2020-12-24,178586.82
2020-12-28,180502.53
2020-12-29,179651.1
2020-12-30,180265.25
2020-12-31,178586.82
2021-01-04,175393.97
2021-01-05,177690.03
2021-01-06,183055.07
2021-01-07,186488.69
2021-01-08,186675.38
2021-01-11,187889.71
2021-01-12,188803.94
2021-01-13,189655.37
2021-01-14,190719.65
2021-01-15,186623.03
2021-01-19,186834.15
2021-01-20,192956.4
2021-01-21,194551.08
2021-01-22,192209.65
2021-01-25,190423.05
2021-01-26,193912.51
2021-01-27,187256.37
2021-01-28,188523.04
2021-01-29,180500.79
2021-02-01,185356.36
2021-02-02,193036.65
2021-02-03,193246.02
2021-02-04,197014.63
2021-02-05,198480.2
2021-02-08,199527.04
2021-02-09,200556.43
2021-02-10,199078.64
2021-02-11,200978.65
2021-02-12,201823.1
2021-02-16,203089.77
2021-02-17,199945.77
2021-02-18,199711.98
2021-02-19,201611.99
2021-02-22,197531.07
2021-02-23,192323.06
2021-02-24,199021.07
2021-02-25,194338.22
2021-02-26,191689.72
2021-03-01,197224
2021-03-02,196334.19
2021-03-03,194434.18
2021-03-04,188849.31
2021-03-05,182292.62
2021-03-08,195378.08
2021-03-09,198279.56
2021-03-10,199525.29
2021-03-11,204342.49
2021-03-12,200148.16
2021-03-15,202847.26
2021-03-16,206999.71
2021-03-17,205598.69
2021-03-18,204508.24
2021-03-19,201186.28
2021-03-22,202639.63
2021-03-23,202789.68
2021-03-24,202789.68
2021-03-25,200113.27
2021-03-26,204436.7
2021-03-29,206495.48
2021-03-30,206990.98
2021-03-31,209236.45
2021-04-01,212877.69
2021-04-05,212877.69
2021-04-06,219872.31
2021-04-07,217588.46
2021-04-08,219041.82
2021-04-09,221118.04
2021-04-12,221948.53
2021-04-13,223194.27
2021-04-14,224232.38
2021-04-15,226744.79
2021-04-16,227791.63
2021-04-19,224232.38
2021-04-20,219626.3
2021-04-21,223185.54
2021-04-22,226326.05
2021-04-23,226312.1
2021-04-26,227578.77
2021-04-27,227367.66
2021-04-28,226734.32
2021-04-29,226100.98
2021-04-30,226326.05
2021-05-03,228212.1
2021-05-04,221091.87
2021-05-05,226116.69
2021-05-06,224623.2
2021-05-07,229459.58
2021-05-10,226100.98
2021-05-11,217656.5
2021-05-12,215334.27
2021-05-13,216600.94
2021-05-14,220189.85
2021-05-17,218289.84
2021-05-18,219242.46
2021-05-19,210941.05
2021-05-20,219455.32
2021-05-21,221796.74
2021-05-24,224138.17
2021-05-25,221583.88
2021-05-26,223712.45
2021-05-27,225415.31
2021-05-28,226266.73
2021-06-01,223499.6
2021-06-02,225628.16
2021-06-03,224834.31
2021-06-04,227756.73
2021-06-07,226905.3
2021-06-08,227118.16
2021-06-09,228821.01
2021-06-10,230098.15
2021-06-11,231378.78
2021-06-14,230534.34
2021-06-15,230745.45
2021-06-16,229675.93
2021-06-17,233990.64
2021-06-18,231291.55
2021-06-21,233160.15
2021-06-22,236482.11
2021-06-23,235444
2021-06-24,238765.96
2021-06-25,239388.83
2021-06-28,240634.56
2021-06-29,243126.04
2021-06-30,244787.02
2021-07-01,244171.13
2021-07-02,249977.58
2021-07-06,248082.81
2021-07-07,251582.73
2021-07-08,245406.39
2021-07-09,252261.43
2021-07-12,253714.79
2021-07-13,255288.53
2021-07-14,252200.36
2021-07-15,251994.49
2021-07-16,250553.34
2021-07-19,241494.72
2021-07-20,248906.32
2021-07-21,251376.85
2021-07-22,253641.51
2021-07-23,259817.84
2021-07-26,259200.21
2021-07-27,253641.51
2021-07-28,257759.06
2021-07-29,259112.97
2021-07-30,256413.88
2021-08-02,257659.62
2021-08-03,256206.26
2021-08-04,256523.8
2021-08-05,258582.58
2021-08-06,262906.01
2021-08-09,261290.39
2021-08-10,263127.59
2021-08-11,262311.06
2021-08-12,263739.99
2021-08-13,264964.79
2021-08-16,263523.64
2021-08-17,264148.26
2021-08-18,263739.99
2021-08-19,259861.46
2021-08-20,263944.12
2021-08-23,267414.39
2021-08-24,270317.61
2021-08-25,270729.37
2021-08-26,268876.47
2021-08-27,270111.74
2021-08-30,273817.54
2021-08-31,272788.15
2021-09-01,270935.25
2021-09-02,273854.18
2021-09-03,272608.44
2021-09-07,270111.74
2021-09-08,268876.47
2021-09-09,270111.74
2021-09-10,266405.93
2021-09-13,264347.16
2021-09-14,263729.52
2021-09-15,262906.01
2021-09-16,266611.81
2021-09-17,262923.46
2021-09-20,253533.33
2021-09-21,256595.33
2021-09-22,258840.8
2021-09-23,264352.39
2021-09-24,264148.26
2021-09-27,264964.79
2021-09-28,255370.53
2021-09-29,257235.65
2021-09-30,256021.32
2021-10-01,252783.1
2021-10-04,246306.67
2021-10-05,255616.54
2021-10-06,253187.88
2021-10-07,265533.57
2021-10-08,262497.74
2021-10-11,261238.05
2021-10-12,257626.47
2021-10-13,256223.7
2021-10-14,265331.18
2021-10-15,269986.12
2021-10-18,271200.45
2021-10-19,274236.27
2021-10-20,276260.16
2021-10-21,276057.77
2021-10-22,276664.93
2021-10-25,280712.7
2021-10-26,285367.63
2021-10-27,282938.97
2021-10-28,282724.37
2021-10-29,287391.52
2021-11-01,287391.52
2021-11-02,290224.95
2021-11-03,289820.18
2021-11-04,297106.16
2021-11-05,300951.54
2021-11-08,299130.04
2021-11-09,297106.16
2021-11-10,296952.62
2021-11-11,294370.43
2021-11-12,298348.41
2021-11-15,300735.19
2021-11-16,305194.72
2021-11-17,304800.41
2021-11-18,305707.67
2021-11-19,305983.33
2021-11-22,307965.34
2021-11-23,298976.51
2021-11-24,306011.25
2021-11-26,290211
2021-11-29,298491.47
2021-11-30,291788.23
2021-12-01,295139.85
2021-12-02,283507.75
2021-12-03,281141.9
2021-12-06,287253.68
2021-12-07,303420.33
2021-12-08,298688.63
2021-12-09,302434.56
2021-12-10,298491.47
2021-12-13,298491.47
2021-12-14,292182.54
2021-12-15,292182.54
2021-12-16,300265.86
2021-12-17,292723.4
2021-12-20,280550.44
2021-12-21,290408.15
2021-12-22,297900.01
2021-12-23,304603.25
2021-12-27,308546.34
2021-12-28,312095.11
2021-12-29,308940.65
2021-12-30,312686.58
2021-12-31,312072.43
2022-01-03,309926.42
2022-01-04,311700.81
2022-01-05,308940.65
2022-01-06,298885.78
2022-01-07,296160.52
2022-01-10,284887.83
2022-01-11,295563.82
2022-01-12,297552.81
2022-01-13,297353.91
2022-01-14,285419.98
2022-01-18,280944.75
2022-01-19,277790.28
2022-01-20,282521.98
2022-01-21,267932.57
2022-01-24,244865.53
2022-01-25,251371.62
2022-01-26,260480.84
2022-01-27,261253.75
2022-01-28,256024.81
2022-01-31,270446.72
2022-02-01,277198.82
2022-02-02,278184.59
2022-02-03,269706.96
2022-02-04,266254.14
2022-02-07,267121.27
2022-02-08,269508.06
2022-02-09,277066.22
2022-02-10,273088.24
2022-02-11,266355.34
2022-02-14,261032.17
2022-02-15,267519.07
2022-02-16,264137.79
2022-02-17,261949.9
2022-02-18,252751.7
2022-02-22,248217.15
2022-02-23,244668.37
2022-02-24,238594.98
2022-02-25,256891.94
2022-02-28,257354.29
2022-03-01,255056.48
2022-03-02,263190.4
2022-03-03,261447.42
2022-03-04,254264.38
2022-03-07,252933.15
2022-03-08,239811.05
2022-03-09,248278.22
2022-03-10,242394.99
2022-03-11,247037.71
2022-03-14,238479.83
2022-03-15,247384.92
2022-03-16,255829.4
2022-03-17,259123.44
2022-03-18,268225.69
2022-03-21,270223.4
2022-03-22,276940.6
2022-03-23,276556.76
2022-03-24,275981
2022-03-25,280011.32
2022-03-28,283082.04
2022-03-29,288754.15
2022-03-30,288619.81
2022-03-31,286623.84
2022-04-01,279627.48
2022-04-04,286728.52
2022-04-05,286784.35
2022-04-06,275183.66
2022-04-07,274422.96
2022-04-08,281839.79
2022-04-11,272140.85
2022-04-12,273978.05
2022-04-13,272901.56
2022-04-14,273601.19
2022-04-18,273601.19
2022-04-19,275673.93
2022-04-20,277655.94
2022-04-21,275297.07
2022-04-22,261541.63
2022-04-25,249225.6
2022-04-26,247821.1
2022-04-27,253184.39
2022-04-28,252627.82
2022-04-29,252078.23
2022-05-02,240170.47
2022-05-03,247131.93
2022-05-04,243567.45
2022-05-05,243651.2
2022-05-06,236872.93
2022-05-09,226737.81
2022-05-10,218919.69
2022-05-11,225331.56
2022-05-12,217923.45
2022-05-13,229354.9
2022-05-16,227358.93
2022-05-17,229728.27
2022-05-18,222217.22
2022-05-19,213606.99
2022-05-20,210832.87
2022-05-23,218049.07
2022-05-24,206287.86
2022-05-25,215995.52
2022-05-26,223276.27
2022-05-27,233917.36
2022-05-31,232423.88
2022-06-01,230251.69
2022-06-02,233357.31
2022-06-03,231677.13
2022-06-06,235970.91
2022-06-07,234290.74
2022-06-08,236530.97
2022-06-09,230251.69
2022-06-10,212874.2
2022-06-13,199959.73
2022-06-14,197237.96
2022-06-15,200141.18
2022-06-16,188692.28
2022-06-17,189608.26
2022-06-21,196203.33
2022-06-22,198811.7
2022-06-23,198768.08
2022-06-24,210832.87
2022-06-27,212312.4
2022-06-28,208660.69
2022-06-29,202500.05
2022-06-30,200050.46
2022-07-01,201229.89
2022-07-05,202709.42
2022-07-06,210885.22
2022-07-07,219071.48
2022-07-08,221562.95
2022-07-11,214950.43
2022-07-12,215473.85
2022-07-13,209875.02
2022-07-14,205354.43
2022-07-15,215690.2
2022-07-18,216923.72
2022-07-19,218003.7
2022-07-20,226367.93
2022-07-21,227079.78
2022-07-22,226189.97
2022-07-25,225656.08
2022-07-26,222034.02
2022-07-27,229749.21
2022-07-28,236511.77
2022-07-29,240426.94
2022-08-01,244581.14
2022-08-02,242562.49
2022-08-03,249147.09
2022-08-04,247011.54
2022-08-05,246833.58
2022-08-08,249680.98
2022-08-09,244164.15
2022-08-10,250691.17
2022-08-11,254105.61
2022-08-12,260035.93
2022-08-15,263917.95
2022-08-16,267833.12
2022-08-17,263384.07
2022-08-18,265207.31
2022-08-19,259440.98
2022-08-22,254443.97
2022-08-23,250434.28
2022-08-24,253084.79
2022-08-25,255444.7
2022-08-26,248076.32
2022-08-29,238361.15
2022-08-30,232921.12
2022-08-31,231725.99
2022-09-01,225911.85
2022-09-02,233018.55
2022-09-06,229272.6
2022-09-07,229606.14
2022-09-08,236796.58
2022-09-09,239551.09
2022-09-12,244766.08
2022-09-13,232147.83
2022-09-14,227579.82
2022-09-15,225869.91
2022-09-16,216695.16
2022-09-19,218614.36
2022-09-20,217938.84
2022-09-21,221398.96
2022-09-22,210352.79
2022-09-23,203485.95
2022-09-26,204525.54
2022-09-27,203854.49
2022-09-28,208667.5
2022-09-29,198309.8
2022-09-30,200231.66
2022-10-03,198669.11
2022-10-04,209756.4
2022-10-05,207208.04
2022-10-06,210442.92
2022-10-07,199331.38
2022-10-10,196951.05
2022-10-11,194398.04
2022-10-12,193314.28
2022-10-13,194108.43
2022-10-14,195504.23
2022-10-17,199941.51
2022-10-18,202515.85
2022-10-19,202909.54
2022-10-20,203427.34
2022-10-21,203267.44
2022-10-24,209132.64
2022-10-25,214659.36
2022-10-26,217628.59
2022-10-27,213142.1
2022-10-28,218047.14
2022-10-31,219557.6
2022-11-01,218784.05
2022-11-02,213709.41
2022-11-03,206763.67
2022-11-04,203792.89
2022-11-07,207099.16
2022-11-08,213399.37
2022-11-09,205005.48
2022-11-10,218893.51
2022-11-11,220463.77
2022-11-14,220680.12
2022-11-15,223196.01
2022-11-16,218467.8
2022-11-17,216108.93
2022-11-18,216906.27
2022-11-21,217291.85
2022-11-22,221938.06
2022-11-23,225544.42
2022-11-25,224637.16
2022-11-28,218883.05
2022-11-29,214749.79
2022-11-30,220100.87
2022-12-01,227346.72
2022-12-02,224965.17
2022-12-05,220934.85
2022-12-06,211958.22
2022-12-07,212324.62
2022-12-08,215271.46
2022-12-09,213606.99
2022-12-12,212874.2
2022-12-13,220079.93
2022-12-14,222156.16
2022-12-15,204544.88
2022-12-16,199551.47
2022-12-19,197517.11
2022-12-20,195297.82
2022-12-21,203435.23
2022-12-22,196222.53
2022-12-23,197147.23
2022-12-27,196592.41
2022-12-28,194558.06
2022-12-29,198447.05
2022-12-30,196020.14
2023-01-03,198218.49
2023-01-04,199181.58
2023-01-05,196386.53
2023-01-06,201770.76
2023-01-09,206474.54
2023-01-10,201247.34
2023-01-11,207650.49
2023-01-12,210143.71
2023-01-13,208592.64
2023-01-17,211419.1
2023-01-18,209534.8
2023-01-19,201432.28
2023-01-20,205389.32
2023-01-23,214327.56
2023-01-24,213186.51
2023-01-25,207481.25
2023-01-26,214707.91
2023-01-27,218701.59
2023-01-30,214810.85
2023-01-31,216419.49
2023-02-01,217637.31
2023-02-02,228780.89
2023-02-03,228943.15
2023-02-06,226263.24
2023-02-07,227009.99
2023-02-08,227196.67
2023-02-09,226636.62
2023-02-10,224023.01
2023-02-13,227196.67
2023-02-14,224209.7
2023-02-15,229063.53
2023-02-16,229063.53
2023-02-17,221782.78
2023-02-21,215456.4
2023-02-22,214716.64
2023-02-23,215086.52
2023-02-24,211775.03
2023-02-27,215826.28
2023-02-28,214531.7
2023-03-01,209461.52
2023-03-02,210093.11
2023-03-03,218045.58
2023-03-06,223462.96
2023-03-07,215805.35
2023-03-08,214706.17
2023-03-09,216750.99
2023-03-10,206024.4
2023-03-13,201434.03
2023-03-14,204981.06
2023-03-15,202325.58
2023-03-16,207134.05
2023-03-17,206287.86
2023-03-20,204981.06
2023-03-21,210476.95
2023-03-22,213376.69
2023-03-23,206896.77
2023-03-24,205577.75
2023-03-27,209723.23
2023-03-28,205766.18
2023-03-29,210476.95
2023-03-30,213757.04
2023-03-31,217260.45
2023-04-03,221554.22
2023-04-04,218980.75
2023-04-05,216419.49
2023-04-06,216039.14
2023-04-10,216039.14
2023-04-11,219272.12
2023-04-12,217829.23
2023-04-13,216677.71
2023-04-14,220132.27
2023-04-17,221744.4
2023-04-18,223586.83
2023-04-19,222819.15
2023-04-20,221475.71
2023-04-21,220324.19
2023-04-24,219556.51
2023-04-25,217637.31
2023-04-26,212839.31
2023-04-27,214566.59
2023-04-28,219556.51
2023-05-01,219556.51
2023-05-02,216677.71
2023-05-03,218841.17
2023-05-04,211879.71
2023-05-05,217253.47
2023-05-08,218980.75
2023-05-09,220324.19
2023-05-10,220516.11
2023-05-11,220223
2023-05-12,220463.77
2023-05-15,222124.75
2023-05-16,221934.57
2023-05-17,221594.35
2023-05-18,229885.3
2023-05-19,229508.44
2023-05-22,230827.45
2023-05-23,230450.59
2023-05-24,221409.41
2023-05-25,225516.5
2023-05-26,232050.5
2023-05-30,232983.93
2023-05-31,231490.45
2023-06-01,232523.33
2023-06-02,240824.74
2023-06-05,243064.97
2023-06-06,242878.28
2023-06-07,242691.6
2023-06-08,241756.42
2023-06-09,242131.54
2023-06-12,245901.9
2023-06-13,250612.66
2023-06-14,250047.37
2023-06-15,251031.4
2023-06-16,252933.15
2023-06-20,248368.94
2023-06-21,247384.92
2023-06-22,247001.08
2023-06-23,245896.66
2023-06-26,244375.26
2023-06-27,245849.55
2023-06-28,247988.59
2023-06-29,251031.4
2023-06-30,255025.08
2023-07-03,256736.65
2023-07-05,258067.88
2023-07-06,251221.57
2023-07-07,252566.76
2023-07-10,250071.8
2023-07-11,251799.08
2023-07-12,254862.82
2023-07-13,255791.01
2023-07-14,256572.65
2023-07-17,257745.11
2023-07-18,259308.38
2023-07-19,264975.26
2023-07-20,262222.08
2023-07-21,263190.4
2023-07-24,265708.04
2023-07-25,265425.4
2023-07-26,266095.37
2023-07-27,271374.92
2023-07-28,269263.8
2023-07-31,269455.72
2023-08-01,270991.08
2023-08-02,263582.97
2023-08-03,260920.51
2023-08-04,261587
2023-08-07,259283.96
2023-08-08,258516.28
2023-08-09,257556.68
2023-08-10,258708.2
2023-08-11,254074.2
2023-08-14,258638.41
2023-08-15,255405.43
2023-08-16,254834.9
2023-08-17,251411.75
2023-08-18,246847.54
2023-08-21,247037.71
2023-08-22,250235.8
2023-08-23,255785.78
2023-08-24,251743.24
2023-08-25,251177.95
2023-08-28,254569.7
2023-08-29,261300.86
2023-08-30,261110.69
2023-08-31,264933.38
2023-09-01,266817.69
2023-09-05,267520.82
2023-09-06,261546.87
2023-09-07,260426.75
2023-09-08,262666.98
2023-09-11,264556.52
2023-09-12,264368.09
2023-09-13,261920.24
2023-09-14,265390.5
2023-09-15,263787.1
2023-09-18,262106.93
2023-09-19,258373.21
2023-09-20,259680.01
2023-09-21,250905.78
2023-09-22,248930.74
2023-09-25,249300.63
2023-09-26,244677.1
2023-09-27,243834.39
2023-09-28,247451.21
2023-09-29,248745.8
2023-10-02,246765.54
2023-10-03,240720.06
2023-10-04,240170.47
2023-10-05,238521.7
2023-10-06,243937.33
2023-10-09,248190.98
2023-10-10,254848.86
2023-10-11,251889.8
2023-10-12,254459.79
2023-10-13,251345.45
2023-10-16,256513.33
2023-10-17,254848.86
2023-10-18,250612.66
2023-10-19,246711.45
2023-10-20,237464.39
2023-10-23,238957.88
2023-10-24,238574.04
2023-10-25,235614.98
2023-10-26,231176.4
2023-10-27,228402.28
2023-10-30,226552.87
2023-10-31,230991.46
2023-11-01,236354.75
2023-11-02,243382.51
2023-11-03,247545.43
2023-11-06,246798.69
2023-11-07,251839.2
2023-11-08,249972.35
2023-11-09,250719.09
2023-11-10,251092.46
2023-11-13,255386.24
2023-11-14,262441.91
2023-11-15,261353.2
2023-11-16,261110.69
2023-11-17,261491.04
2023-11-20,262061.56
2023-11-21,262251.74
2023-11-22,267957
2023-11-24,265104.37
2023-11-27,266193.08
2023-11-28,265809.24
2023-11-29,266193.08
2023-11-30,265484.72
2023-12-01,271570.33
2023-12-04,268325.13
2023-12-05,271528.45
2023-12-06,272093.75
2023-12-07,271716.89
2023-12-08,275862.36
2023-12-11,278877.25
2023-12-12,278688.82
2023-12-13,283931.72
2023-12-14,284425.48
2023-12-15,286594.18
2023-12-18,287925.4
2023-12-19,290566.92
2023-12-20,289636.98
2023-12-21,286344.68
2023-12-22,288647.72
2023-12-26,288647.72
2023-12-27,287011.17
2023-12-28,290303.47
2023-12-29,286344.68
2024-01-02,285072.77
2024-01-03,284502.25
2024-01-04,282600.5
2024-01-05,280508.57
2024-01-08,284233.56
2024-01-09,287925.4
2024-01-10,290566.92
2024-01-11,288839.64
2024-01-12,289256.63
2024-01-16,292679.79
2024-01-17,290397.68
2024-01-18,292109.26
2024-01-19,295532.42
2024-01-22,302949.25
2024-01-23,304470.65
2024-01-24,306942.93
2024-01-25,306953.4
2024-01-26,309225.04
2024-01-29,308837.71
2024-01-30,311098.87
2024-01-31,305257.53
2024-02-01,304660.83
2024-02-02,315621.21
2024-02-05,314192.28
2024-02-06,318259.24
2024-02-07,322593.14
2024-02-08,322970
2024-02-09,325042.74
2024-02-12,329565.07
2024-02-13,320352.91
2024-02-14,320539.6
2024-02-15,325984.89
2024-02-16,328057.63
2024-02-20,318259.24
2024-02-21,316940.22
2024-02-22,329376.64
2024-02-23,332014.67
2024-02-26,332426.42
2024-02-27,327303.9
2024-02-28,329188.21
2024-02-29,331637.81
2024-03-01,335406.42
2024-03-04,337941.51
2024-03-05,331855.9
2024-03-06,333757.65
2024-03-07,336039.75
2024-03-08,335659.4
2024-03-11,331095.2
2024-03-12,337370.98
2024-03-13,337561.16
2024-03-14,338321.86
2024-03-15,333187.13
2024-03-18,340603.96
2024-03-19,340794.14
2024-03-20,343456.59
2024-03-21,354676.93
2024-03-22,351046.16
2024-03-25,348219.7
2024-03-26,349538.71
2024-03-27,348408.13
2024-03-28,354061.05
2024-04-01,350782.7
2024-04-02,347654.41
2024-04-03,349538.71
2024-04-04,348408.13
2024-04-05,343885.79
2024-04-08,347640.45
2024-04-09,342886.07
2024-04-10,341448.41
2024-04-11,342755.21
2024-04-12,343250.71
2024-04-15,340476.6
2024-04-16,331044.6
2024-04-17,330807.32
2024-04-18,327530.72
2024-04-19,322966.51
2024-04-22,322033.08
2024-04-23,330247.26
2024-04-24,330620.63
2024-04-25,322406.45
2024-04-26,336034.52
2024-04-29,335474.46
2024-04-30,333047.55
2024-05-01,333047.55
2024-05-02,326886.91
2024-05-03,335217.99
2024-05-06,340682.47
2024-05-07,345581.67
2024-05-08,342568.53
2024-05-09,347089.11
2024-05-10,348784.99
2024-05-13,348031.27
2024-05-14,347277.54
2024-05-15,355247.46
2024-05-16,359431.32
2024-05-17,356198.34
2024-05-20,360382.19
2024-05-21,359431.32
2024-05-22,357829.66
2024-05-23,357641.23
2024-05-24,354814.77
2024-05-28,356388.51
2024-05-29,352742.03
2024-05-30,347089.11
2024-05-31,341247.77
2024-06-03,349542.2
2024-06-04,349352.03
2024-06-05,358100.09
2024-06-06,360762.54
2024-06-07,362540.42
2024-06-10,366120.6
2024-06-11,363664.03
2024-06-12,370831.37
2024-06-13,370571.4
2024-06-14,374865.18
2024-06-17,376171.98
2024-06-18,379719.01
2024-06-20,384199.47
2024-06-21,382145.92
2024-06-24,381212.49
2024-06-25,379719.01
2024-06-26,381772.55
2024-06-27,382145.92
2024-06-28,384759.53
2024-07-01,378785.58
2024-07-02,380279.07
2024-07-03,385152.09
2024-07-05,387036.4
2024-07-08,390051.28
2024-07-09,392312.45
2024-07-10,393443.03
2024-07-11,393853.05
2024-07-12,397086.03
2024-07-15,399748.48
2024-07-16,401840.41
2024-07-17,390049.54
2024-07-18,385485.33
2024-07-19,381111.3
2024-07-22,384154.11
2024-07-23,392902.17
2024-07-24,372715.67
2024-07-25,370077.64
2024-07-26,373884.64
2024-07-29,373469.39
2024-07-30,372527.24
2024-07-31,383079.35
2024-08-01,378557.02
2024-08-02,348971.68
2024-08-05,336243.89
2024-08-06,339082.56
2024-08-07,347830.62
2024-08-08,347640.45
2024-08-09,350302.9
2024-08-12,351634.13
2024-08-13,361961.17
2024-08-14,362920.77
2024-08-15,377314.77
2024-08-16,377698.61
2024-08-19,381713.23
2024-08-20,380744.91
2024-08-21,381132.24
2024-08-22,382100.56
2024-08-23,383197.99
2024-08-26,383393.4
2024-08-27,383784.22
2024-08-28,379001.93
2024-08-29,388104.17
2024-08-30,380961.25
2024-09-03,378658.21
2024-09-04,372998.32
2024-09-05,366994.71
2024-09-06,356730.48
2024-09-09,362345.01
2024-09-10,366375.33
2024-09-11,360233.89
2024-09-12,379776.58
2024-09-13,385392.86
2024-09-16,381519.57
2024-09-17,387523.17
2024-09-18,384037.21
2024-09-19,397658.3
2024-09-20,392968.47
2024-09-23,394882.44
2024-09-24,397462.89
2024-09-25,395076.1
2024-09-26,397658.3
2024-09-27,400980.26
2024-09-30,395850.76
2024-10-01,396625.42
2024-10-02,397274.46
2024-10-03,396314.86
2024-10-04,402072.46
2024-10-07,404759.34
2024-10-08,405718.94
2024-10-09,408306.37
2024-10-10,411539.35
2024-10-11,414011.63
2024-10-14,421808.81
2024-10-15,421808.81
2024-10-16,421238.29
2024-10-17,425476.23
2024-10-18,427894.42
2024-10-21,421519.19
2024-10-22,423780.36
2024-10-23,421707.62
2024-10-24,420388.61
2024-10-25,423968.79
2024-10-28,422272.91
2024-10-29,424157.22
2024-10-30,425041.79
2024-10-31,408876.89
2024-11-01,408705.91
2024-11-04,406594.79
2024-11-05,409447.42
2024-11-06,435351.39
2024-11-07,444884.58
2024-11-08,450099.57
2024-11-11,455694.91
2024-11-12,455879.85
2024-11-13,460133.5
2024-11-14,452861.48
2024-11-15,440953.71
2024-11-18,446077.97
2024-11-19,444783.39
2024-11-20,442968.87
2024-11-21,455792.62
2024-11-22,462338.84
2024-11-25,464952.44
2024-11-26,467700.38
2024-11-27,461982.91
2024-11-29,468640.79
2024-12-02,470997.92
2024-12-03,469532.35
2024-12-04,473013.08
2024-12-05,475853.49
2024-12-06,476408.32
2024-12-09,471599.85
2024-12-10,471181.11
2024-12-11,477043.4
2024-12-12,476310.61
2024-12-13,470631.53
2024-12-16,475211.43
2024-12-17,470814.72
2024-12-18,469778.35
2024-12-19,453992.06
2024-12-20,457439.64
2024-12-23,455443.67
2024-12-24,463609
2024-12-26,463609
2024-12-27,457621.09
2024-12-30,451996.09
2024-12-31,453810.61
2025-01-02,458072.98
2025-01-03,458432.39
2025-01-06,468326.74
2025-01-07,454838.25
2025-01-08,455197.67
2025-01-10,443303.86
2025-01-13,441524.24
2025-01-14,444774.66
2025-01-15,460229.46
2025-01-16,462925.06
2025-01-17,471730.7
2025-01-21,468871.09
2025-01-22,478488.03
2025-01-23,480121.1
2025-01-24,478325.77
2025-01-27,457624.58
2025-01-28,467782.39
2025-01-29,470322.71
2025-01-30,470685.61
2025-01-31,483205.78
2025-02-03,469214.81
2025-02-04,473225.93
2025-02-05,468508.19
2025-02-06,479213.84
2025-02-07,472629.24
2025-02-10,478020.45
2025-02-11,479576.74
2025-02-12,472137.22
2025-02-13,478692.17
2025-02-14,477959.38
2025-02-18,477580.77
2025-02-19,483750.13
2025-02-20,477409.79
2025-02-21,476310.61
2025-02-24,462754.08
2025-02-25,445350.42
2025-02-26,456708.6
2025-02-27,454536.41
2025-02-28,442560.6
2025-03-03,448098.37
2025-03-04,419076.57
2025-03-05,410967.08
2025-03-06,411720.8
2025-03-07,393819.9
2025-03-10,388543.84
2025-03-11,374455.17
2025-03-12,381491.65
2025-03-13,374264.99
2025-03-14,383773.75
2025-03-17,386055.86
2025-03-18,381681.83
2025-03-19,390810.24
2025-03-20,390805.01
2025-03-21,390239.72
2025-03-24,407386.9
2025-03-25,408140.62
2025-03-26,404372.01
2025-03-27,399849.67
2025-03-28,380064.46
2025-03-31,375165.27
2025-04-01,387413.26
2025-04-02,387224.83
2025-04-03,352857.18
2025-04-04,320698.37
2025-04-07,293630.66
2025-04-08,321657.97
2025-04-09,290778.03
2025-04-10,320666.96
2025-04-11,316647.11
2025-04-14,330627.61
2025-04-15,336739.39
2025-04-16,329973.34
2025-04-17,319232.79
2025-04-21,322033.08
2025-04-22,311077.94
2025-04-23,329838.99
2025-04-24,339122.69
2025-04-25,343498.46
2025-04-28,343498.46
2025-04-29,348868.74
2025-04-30,345808.48
2025-05-01,345808.48
2025-05-02,365129.6
2025-05-05,365918.21
2025-05-06,363786.16
2025-05-07,357440.58
2025-05-08,368151.46
2025-05-09,366783.6
2025-05-12,391590.13
2025-05-13,403715.99
2025-05-14,401371.08
2025-05-15,403715.99
2025-05-16,410164.5
2025-05-19,403715.99
2025-05-20,408306.37
2025-05-21,400420.2
2025-05-22,391351.11
2025-05-23,385466.14
2025-05-27,395491.34
2025-05-28,399237.27
2025-05-29,399786.86
2025-05-30,395097.04
2025-06-02,391830.91
2025-06-03,404560.44
2025-06-04,404361.54
2025-06-05,404958.24
2025-06-06,408339.52
2025-06-09,407146.12
2025-06-10,409532.91
2025-06-11,412322.73
2025-06-12,407407.83
2025-06-13,404776.78
2025-06-16,407003.06
2025-06-17,404497.63
2025-06-18,403494.41
2025-06-20,399280.89
2025-06-23,402752.9
2025-06-24,410646.05
2025-06-25,415410.9
2025-06-26,414594.37
2025-06-27,419697.69
2025-06-30,422873.1
2025-07-01,422049.59
2025-07-02,423902.49
2025-07-03,433784.62
2025-07-07,427454.75
2025-07-08,426638.22
2025-07-09,429700.22
2025-07-10,435620.08
2025-07-11,431741.55
2025-07-14,433374.61
2025-07-15,436551.76
2025-07-16,426027.57
2025-07-17,440599.53
2025-07-18,437158.93
2025-07-21,441539.94
2025-07-22,438519.82
2025-07-23,443255.01
2025-07-24,442764.74
2025-07-25,446030.87
2025-07-28,452540.45
2025-07-29,452852.75
2025-07-30,453887.38
2025-07-31,458859.85
2025-08-01,436956.54
2025-08-04,445254.46
2025-08-05,442623.41
2025-08-06,447459.8
2025-08-07,448480.46
2025-08-08,447278.35
2025-08-11,453350
2025-08-12,455216.86
2025-08-13,457258.19
2025-08-14,457802.54
2025-08-15,456849.92
2025-08-18,459095.39
2025-08-19,453350
2025-08-20,450113.53
2025-08-21,450111.78
2025-08-22,459095.39
2025-08-25,456790.6
2025-08-26,455576.27
2025-08-27,464886.14
2025-08-28,464811.11
2025-08-29,458687.12
2025-09-02,446873.57
2025-09-03,457258.19
2025-09-04,465831.78
2025-09-05,456849.92
2025-09-08,466519.2
2025-09-09,462769.78
2025-09-10,469097.91
2025-09-11,474201.24
2025-09-12,475630.17
2025-09-15,479901.26
2025-09-16,476909.05
2025-09-17,471048.51
2025-09-18,482989.43
2025-09-19,480937.63
2025-09-22,488959.89
2025-09-23,489371.64
2025-09-24,483999.63
2025-09-25,483387.23
2025-09-26,482978.96
2025-09-29,485428.56
2025-09-30,483591.36
2025-10-01,489715.35
2025-10-02,493798.02
2025-10-03,495431.08
2025-10-06,498288.95
2025-10-07,497268.28
2025-10-08,503137.54
2025-10-09,504959.04
2025-10-10,484922.59
2025-10-13,492613.35
2025-10-14,486339.31
2025-10-15,492410.96
2025-10-16,493185.62
2025-10-17,481754.16
2025-10-20,495851.56
2025-10-21,501720.82
2025-10-22,494637.23
2025-10-23,498887.39
2025-10-24,508602.03
2025-10-27,516292.79
2025-10-28,523397.32
2025-10-29,521554.89
2025-10-30,523578.77
2025-10-31,518463.23
2025-11-03,520068.38
2025-11-04,516657.44
2025-11-05,517861.3
2025-11-06,500405.3
2025-11-07,489375.13
2025-11-10,511030.69
2025-11-11,512852.19
2025-11-12,517102.34
2025-11-13,502732.77
2025-11-14,502530.38
2025-11-17,497875.45
2025-11-18,485732.14
2025-11-19,484955.74
2025-11-20,492580.2
2025-11-21,478535.14
2025-11-24,493984.7
2025-11-25,497673.06
2025-11-26,511637.86
2025-11-28,514268.91
2025-12-01,510221.14
2025-12-02,510423.53
2025-12-03,512374.13
2025-12-04,510828.3
2025-12-05,515685.62
2025-12-08,513256.96
2025-12-09,514471.29
2025-12-10,515844.39
2025-12-11,508903.87
2025-12-12,502575.74
2025-12-15,506871.26
2025-12-16,495022.82
2025-12-17,490531.89
2025-12-18,500534.41
2025-12-19,506250.14
2025-12-22,513459.35
2025-12-23,514694.62
2025-12-24,515724.01
2025-12-26,515724.01
2025-12-29,516341.64
2025-12-30,513598.93
2025-12-31,510945.2
2026-01-02,506046
2026-01-05,518089.86
2026-01-06,521355.99
2026-01-07,526459.32
2026-01-08,524213.85
2026-01-09,527626.54
2026-01-12,529317.18
2026-01-13,527221.76
2026-01-14,517507.12
2026-01-15,531674.31
2026-01-16,529245.65
2026-01-20,508903.87
2026-01-21,509108
2026-01-22,519841.56
2026-01-23,517165.15
2026-01-26,516357.34
2026-01-27,516927.87
2026-01-28,520068.38
2026-01-29,508343.81
2026-01-30,512827.76
2026-02-02,520459.2
2026-02-03,512841.72
2026-02-04,507488.89
2026-02-05,498636.15
2026-02-06,506871.26
2026-02-09,515111.61
2026-02-10,514281.12
2026-02-11,513035.38
2026-02-12,501616.14
2026-02-13,500162.78
2026-02-17,500578.03
2026-02-18,507077.14
2026-02-19,506665.38
2026-02-20,508724.16
2026-02-23,499253.78
2026-02-24,505018.36
2026-02-25,511812.33
2026-02-26,508518.28
2026-02-27,502341.95
2026-03-02,507066.67
2026-03-03,499292.16
2026-03-04,508804.42
2026-03-05,506982.92
2026-03-06,494839.62
2026-03-09,490994.24
2026-03-10,501923.21
2026-03-11,499292.16
2026-03-12,489771.19
2026-03-13,485114.51
2026-03-16,490975.05
2026-03-17,492379.55
2026-03-18,487363.46
2026-03-19,476624.66
2026-03-20,469136.29
2026-03-23,470553.01
2026-03-24,470755.4
2026-03-25,475612.72
2026-03-26,462884.93
2026-03-27,448037.3
2026-03-30,451046.96
2026-03-31,454766.72
2026-04-01,470148.24
2026-04-02,468502.96
2026-04-06,468502.96
2026-04-07,467921.96
2026-04-08,492777.35
2026-04-09,493593.88
2026-04-10,498901.35
2026-04-13,503165.46
2026-04-14,514076.99
2026-04-15,521076.83
2026-04-16,529929.58
2026-04-17,541046.98
2026-04-20,538370.57
2026-04-21,536053.57
2026-04-22,542585.83
2026-04-23,547076.76
2026-04-24,546668.5
2026-04-27,545035.43
2026-04-28,541973.43
2026-04-29,545443.7
2026-04-30,547893.29
2026-05-01,547893.29
2026-05-04,555650.35
2026-05-05,563407.41
2026-05-06,573205.8
2026-05-07,576267.8
2026-05-08,581193.16
2026-05-11,585722.48
2026-05-12,574022.33
2026-05-13,586882.72
2026-05-14,605458.83
2026-05-15,593402.77
2026-05-18,587903.39
2026-05-19,580854.69
2026-05-20,590569.33
2026-05-21,592795.6
2026-05-22,606153.24
2026-05-26,607974.73
2026-05-27,605748.46
2026-05-28,611010.56
2026-05-29,618523.35
2026-06-01,618701.32
2026-06-02,622546.7
2026-06-03,619510.87
2026-06-04,618296.54
2026-06-05,607749.66
2026-06-08,599121.98
2026-06-09,578054.4
2026-06-10,583890.51
2026-06-11,576649.89
2026-06-12,599272.03
2026-06-15,617082.21
2026-06-16,613439.22
2026-06-17,610403.39
2026-06-18,612364.47
2026-06-22,613367.68
2026-06-23,599680.3
2026-06-24,609028.55
2026-06-25,596497.91
2026-06-26,596100.12
2026-06-29,599282.5
2026-06-30,612210.93
2026-07-01,621559.18
2026-07-02,609625.24
2026-07-06,621360.28
2026-07-07,613006.52
2026-07-08,607039.56
2026-07-09,618376.8
